Wavelength,Alexa Fluor 647,Alexa Fluor 647,Alexa Fluor 700,Alexa Fluor 700,APC ,APC ,FITC,FITC,Pacific Blue,Pacific Blue,"PE (R-PE, R-phycoerythrin)","PE (R-PE, R-phycoerythrin)",PE-Cy7,PE-Cy7,PerCP-Cy5.5,PerCP-Cy5.5
Wavelength,Excitation,Emission,Excitation,Emission,Excitation,Emission,Excitation,Emission,Excitation,Emission,Excitation,Emission,Excitation,Emission,Excitation,Emission
300,0,0,0,0,0,0,53.64077,0,23.90028,0,9.02470684,0,0,0,0,0
301,0,0,0,0,0,0,50.56611,0,20.43135,0,9.222713572,0,0,0,0,0
302,0,0,0,0,0,0,47.83239,0,16.99397,0,9.433920753,0,0,0,0,0
303,0,0,0,0,0,0,45.06755,0,14.28525,0,9.615426925,0,0,0,0,0
304,0,0,0,0,0,0,43.00967,0,12.05937,0,9.937737883,0,0,0,0,0
305,0,0,0,0,0,0,40.99052,0,10.59369,0,10.21274723,0,0,0,0,0
306,0,0,0,0,0,0,39.41028,0,8.947124,0,10.54264845,0,0,0,0,0
307,0,0,0,0,0,0,38.38514,0,8.417903,0,10.71326425,0,0,0,0,0
308,0,0,0,0,0,0,37.12459,0,7.820037,0,10.75506567,0,0,0,0,0
309,0,0,0,0,0,0,36.07743,0,7.064007,0,10.70556399,0,0,0,0,0
310,0,0,0,0,0,0,36.44192,0,6.511595,0,10.29415,0,0,0,0,0
311,0,0,0,0,0,0,35.69774,0,6.363636,0,9.739621147,0,0,0,0,0
312,0,0,0,0,0,0,35.37122,0,6.150279,0,9.021406728,0,0,0,0,0
313,0,0,0,0,0,0,35.61421,0,5.9782,0,8.13587662,0,0,0,0,0
314,0,0,0,0,0,0,34.9604,0,5.871521,0,7.234945988,0,0,0,0,0
315,0,0,0,0,0,0,34.67944,0,5.742115,0,6.369216553,0,0,0,0,0
316,0,0,0,0,0,0,33.96639,0,5.82514,0,5.627791345,0,0,0,0,0
317,0,0,0,0,0,0,33.86691,0,5.801948,0,4.989769652,0,0,0,0,0
318,0,0,0,0,0,0,32.9944,0,5.59833,0,4.439750952,0,0,0,0,0
319,0,0,0,0,0,0,32.25023,0,5.681355,0,4.058037973,0,0,0,0,0
320,0,0,0,0,0,0,30.9669,0,5.69063,0,3.774228324,0,0,0,0,0
321,0,0,0,0,0,0,30.07768,0,5.820965,0,3.493718786,0,0,0,0,0
322,0,0,0,0,0,0,29.16721,0,6.17347,0,3.330913251,0,0,0,0,0
323,0,0,0,0,0,0,27.1845,0,6.377087,0,3.315512727,0,0,0,0,0
324,0,0,0,0,0,0,25.71969,0,6.405381,0,3.241810222,0,0,0,0,0
325,0,0,0,0,0,0,24.71657,0,6.65538,0,3.213209249,0,0,0,0,0
326,0,0,0,0,0,0,23.13785,0,7.012523,0,3.266011044,0,0,0,0,0
327,0,0,0,0,0,0,21.19311,0,6.998609,0,3.347413812,0,0,0,0,0
328,0,0,0,0,0,0,20.41932,0,7.550557,0,3.379314897,0,0,0,0,0
329,0,0,0,0,0,0,18.94539,0,7.763915,0,3.432116692,0,0,0,0,0
330,0,0,0,0,0,0,18.26197,0,8.056586,0,3.565221218,0,0,0,0,0
331,0,0,0,0,0,0,17.37351,0,8.4782,0,3.686225332,0,0,0,0,0
332,0,0,0,0,0,0,16.46986,0,8.413265,0,3.78852881,0,0,0,0,0
333,0,0,0,0,0,0,15.64975,0,8.784323,0,3.934833784,0,0,0,0,0
334,0,0,0,0,0,0,15.20249,0,9.197124,0,4.059138011,0,0,0,0,0
335,0,0,0,0,0,0,14.36718,0,9.35065,0,4.240644182,0,0,0,0,0
336,0,0,0,0,0,0,14.02547,0,9.730984,0,4.367148483,0,0,0,0,0
337,0,0,0,0,0,0,13.61465,0,10.18089,0,4.565155215,0,0,0,0,0
338,0,0,0,0,0,0,13.21295,0,10.58395,0,4.730160825,0,0,0,0,0
339,0,0,0,0,0,0,12.90161,0,11.11781,0,4.886366136,0,0,0,0,0
340,0,0,0,0,0,0,13.15144,0,11.78571,0,5.072272457,0,0,0,0,0
341,0,0,0,0,0,0,12.30855,0,12.26809,0,5.26147889,0,0,0,0,0
342,0,0,0,0,0,0,12.22577,0,12.87987,0,5.46498581,0,0,0,0,0
343,0,0,0,0,0,0,11.92127,0,13.82143,0,5.638791719,0,0,0,0,0
344,0,0,0,0,0,0,11.5955,0,14.28061,0,5.826898115,0,0,0,0,0
345,0,0,0,0,0,0,11.38288,0,15.07375,0,5.978703276,0,0,0,0,0
346,0,0,0,0,0,0,11.22265,0,15.72774,0,6.204210943,0,0,0,0,0
347,0,0,0,0,0,0,10.98042,0,16.5167,0,6.392317339,0,0,0,0,0
348,0,0,0,0,0,0,10.91131,0,17.20269,0,6.541922425,0,0,0,0,0
349,0,0,0,0,0,0,10.69869,0,18.38544,0,6.728928784,0,0,0,0,0
350,0,0,0,0,0,0,10.5696,0,18.93275,0,6.93793589,0,0,0,19.5920853,0
351,0,0,0,0,0,0,10.44051,0,19.98098,0,7.104041537,0,0,0,19.6951819,0
352,0,0,0,0,0,0,10.60073,0,21.2333,0,7.244846325,0,0,0,19.8360498,0
353,0,0,0,0,0,0,10.41849,0,22.11967,0,7.426352496,0,0,0,20.1050145,0
354,0,0,0,0,0,0,10.38735,0,23.26484,0,7.546146569,0,0,0,20.2615773,0
355,0,0,0,0,0,0,10.47164,0,24.50325,0,7.755153675,0,0,0,20.562577,0
356,0,0,0,0,0,0,10.31901,0,25.66744,0,7.871867643,0,0,0,20.9285926,0
357,0,0,0,0,0,0,10.31217,0,26.65074,0,8.068774338,0,0,0,21.394712,0
358,0,0,0,0,0,0,10.31901,0,27.95872,0,8.187578378,0,0,0,22.0115033,0
359,0,0,0,0,0,0,9.992482,0,29.28525,0,8.344883726,0,0,0,22.5883907,0
360,0,0,0,0,0,0,9.833776,0,30.57514,0,8.46588784,0,0,0,23.1625261,0
361,0,0,0,0,0,0,9.924899,0,32.05891,0,8.614392889,0,0,0,23.8095893,0
362,0,0,0,0,0,0,9.787454,0,33.20037,0,8.765098013,0,0,0,24.4160607,0
363,0,0,0,0,0,0,9.438906,0,34.71707,0,8.875101753,0,0,0,25.1697638,0
364,0,0,0,0,0,0,9.651527,0,36.1962,0,8.984005456,0,0,0,25.905923,0
365,0,0,0,0,0,0,9.400937,0,37.718,0,9.097309309,0,0,0,26.5842902,0
366,0,0,0,0,0,0,9.460927,0,39.4615,0,9.171011814,0,0,0,27.3304254,0
367,0,0,0,0,0,0,9.430552,0,41.01577,0,9.27441533,0,0,0,27.9444647,0
368,0,0,0,0,0,0,9.256658,0,42.76438,0,9.360218247,0,0,0,28.5082801,0
369,0,0,0,0,0,0,9.271845,0,44.4847,0,9.387719182,0,0,0,29.1587833,0
370,0,0,0,0,0,0,9.316648,0,46.40538,0,9.43942094,0,0,0,29.8402466,0
371,0,0,0,0,0,0,9.07441,0,48.29731,0,9.491122698,0,0,0,30.4800859,0
372,0,0,0,0,0,0,8.876975,0,50.33395,0,9.46912195,0,0,0,31.1474451,0
373,0,0,0,0,0,0,8.854195,0,52.34694,0,9.49442281,0,0,0,31.8430123,0
374,0,0,0,0,0,0,8.512481,0,54.11364,0,9.492222736,0,0,0,32.5822675,0
375,0,0,0,0,0,0,8.125204,0,56.18228,0,9.482322399,0,0,0,33.2004348,0
376,0,0,0,0,0,0,8.223922,0,58.42765,0,9.481222362,0,0,0,34.0232819,0
377,0,0,0,0,0,0,7.92777,0,60.36642,0,9.458121576,0,0,0,34.7762971,0
378,0,0,0,0,0,0,7.563274,0,62.30056,0,9.451521352,0,0,0,35.5300002,0
379,0,0,0,0,0,0,7.554921,0,64.96754,0,9.407519856,0,0,0,36.2544634,0
380,0,0,0,0,0,0,7.153217,0,66.51624,0,9.405319781,0,0,0,36.8925827,0
381,0,0,0,0,0,0,7.008178,0,68.73377,0,9.337117462,0,0,0,37.53311,0
382,0,0,0,0,0,0,6.955022,0,71.30334,0,9.281015555,0,0,0,37.9875335,0
383,0,0,0,0,0,0,7.039312,0,73.22774,0,9.16001144,0,0,0,38.4784209,0
384,0,0,0,0,0,0,6.727973,0,75.76948,0,9.147911029,0,0,0,38.9920123,0
385,0,0,0,0,0,0,6.917054,0,77.55056,0,9.100609421,0,0,0,39.4096279,0
386,0,0,0,0,0,0,6.719619,0,79.37848,0,8.946604185,0,0,0,39.8213954,0
387,0,0,0,0,0,0,6.560153,0,81.44202,0,8.863001342,0,0,0,40.3002429,0
388,0,0,0,0,0,0,6.537372,0,83.29778,0,8.728796779,0,0,0,40.6782984,0
389,0,0,0,0,0,0,6.295135,0,85.20361,0,8.591292104,0,0,0,41.1378819,0
390,0,0,0,0,0,0,6.271595,0,86.93831,0,8.454887466,0,0,0,41.5620334,0
391,0,0,0,0,0,0,6.180471,0,88.59415,0,8.297582118,0,0,0,42.0381289,0
392,0,0,0,0,0,0,5.975442,0,90.0552,0,8.121576134,0,0,0,42.4698484,0
393,0,0,0,0,0,0,5.900265,0,91.56308,0,7.922469364,0,0,0,42.878864,0
394,0,0,0,0,0,0,5.680049,0,92.80149,0,7.755153675,0,0,0,43.4481833,0
395,0,0,0,0,0,0,5.581332,0,94.077,0,7.52205575,0,0,0,44.0171587,0
396,0,0,0,0,0,0,5.6193,0,95.25928,0,7.310848569,0,0,0,44.4884382,0
397,0,0,0,0,0,0,5.413512,0,96.36364,0,7.087540976,0,0,0,45.0632615,0
398,0,0,0,0,0,0,5.246452,0,97.34647,0,6.837832486,0,0,0,45.6838368,0
399,0,0,0,0,0,0,5.156087,0,98.13497,0,6.572723473,0,0,0,46.404172,0
400,0,0,4.605289,0,0,0,5.171275,0,98.74258,0,6.346115768,0,0,0,47.3776909,0
401,0,0,4.526377,0,0,0,5.094579,0,99.41095,0,6.082106792,0,0,0,48.4513137,0
402,0,0,4.443156,0,0,0,5.156087,0,99.7398,0,5.786196731,0,0,0,49.5287205,0
403,0,0,4.391951,0,0,0,5.011049,0,99.90677,0,5.512287418,0,0,0,50.5018954,0
404,0,0,4.292311,0,0,0,5.011049,0,99.99536,0,5.242778254,0,0,0,51.785358,0
405,0,0,4.20519,0,0,0,5.049017,0,99.87013,0,4.976569203,0,0,0,53.1723645,0
406,0,0,4.11181,0,0,0,5.269992,0,99.50372,0,4.689459442,0,0,0,54.461331,0
407,0,0,4.029615,0,0,0,5.080151,0,98.97449,0,4.456251513,0,0,0,55.9536013,0
408,0,0,3.93018,0,0,0,5.125713,0,98.24165,0,4.185642312,0,0,0,57.3168718,0
409,0,0,3.850038,0,0,0,5.003455,0,97.10575,0,3.946934196,0,0,0,58.5483904,0
410,0,0,3.767021,0,0,0,5.026996,0,95.82977,2.38872,3.731326865,0,0,0,59.807773,0
411,0,0,3.685955,0,0,0,4.957893,0,94.31772,1.70243,3.491518712,0,0,0,61.0124597,0
412,0,0,3.590523,0,0,0,5.056611,0,92.31864,1.179118,3.279211493,0,0,0,62.2171463,0
413,0,0,3.510482,0,0,0,4.844748,0,90.19481,1.135669,3.086704948,0,0,0,63.344777,0
414,0,0,3.433418,0,0,0,4.912332,0,87.71753,1.354881,2.906298814,0,0,0,64.4183998,0
415,0,0,3.377082,0,0,0,4.859176,0,85.20825,1.671688,2.740193167,0,0,0,65.5040626,0
416,0,0,3.294887,0,0,0,4.97384,0,82.29128,2.066981,2.576287594,0,0,0,66.3626857,0
417,0,0,3.231368,0,0,0,5.125713,0,79.327,2.537917,2.433282732,0,0,0,67.2529567,0
418,0,0,3.154406,0,0,0,5.231265,0,75.99675,3.127764,2.292477944,0,0,0,68.1284357,0
419,0,0,3.101046,0,0,0,5.307961,0,72.64796,3.813338,2.194574616,0,0,0,68.9302988,0
420,0,0,2.991144,0,0,0,5.565385,0,69.09508,4.62184,2.076870614,0,0,0,69.7717218,0
421,0,0,2.960462,0,0,0,5.482615,0,65.24119,5.536488,2.007568257,0,0,0,70.6640568,0
422,0,0,2.874162,0,0,0,5.694477,0,61.66976,6.646884,1.905264779,0,0,0,71.3503361,0
423,0,0,2.833219,0,0,0,5.694477,0,57.99582,7.933599,1.864563395,0,0,0,72.0772073,0
424,0,0,2.745996,0,0,0,6.195658,0,54.40584,9.441236,1.821661937,0,3.1040665,0,72.8099264,0
425,0,0,2.673036,0,0,0,6.317916,0,50.67254,11.196,1.84146261,0,3.1023334,0,73.5323256,0
426,0,0,2.63712,0,0,0,6.636849,0,46.90631,13.2127,1.790860889,0,3.1126076,0,74.2069089,0
427,0,0,2.541688,0,0,0,7.175238,0,43.38544,15.44021,1.826062086,0,3.1161525,0,74.971276,0
428,0,0,2.469959,0,0,0,7.592889,0,39.98098,17.91557,1.875563769,0,3.1170471,0,75.7266992,0
429,0,0,2.423782,0,0,0,7.866261,0,36.33581,20.71553,1.894264405,0,3.1446223,0,76.5739702,0
430,0,0,2.352875,0,0,0,8.299098,0,33.18135,23.61734,2.008668295,0,3.1814594,0,77.3981933,0
431,0,0,2.297565,0,0,0,8.428191,0,29.95779,26.83252,2.075770576,0,3.210929,0,78.3545122,0
432,0,0,2.237022,0,0,0,8.754717,0,27.16095,30.35657,2.163773568,0,3.2467136,0,79.3194312,0
433,0,0,2.190845,0,0,0,9.005308,0,24.38312,34.00488,2.321078917,0,3.3208087,0,80.2695581,0
434,0,0,2.138511,0,0,0,9.560404,0,21.87338,37.88352,2.434382769,0,3.3974298,0,81.1715251,0
435,0,0,2.07181,0,0,0,10.12233,0,19.46614,41.85286,2.579587706,0,3.4862598,0,82.169812,0
436,0,0,2.030662,0,0,0,10.23624,0,17.38822,45.77618,2.715992344,0,3.6064539,0,83.062835,0
437,0,0,1.96509,0,0,0,10.77463,0,15.42625,49.89843,2.927199525,0,3.7039142,0,83.8130981,0
438,0,0,1.925994,0,0,0,11.22265,0,13.61781,54.30722,3.06910435,0,3.847684,0,84.4312654,0
439,0,0,1.910601,0,0,0,11.96,0,11.80844,58.82051,3.271511231,0,4.0015577,0,84.9964568,0
440,0,0,1.851084,0,0,0,12.30855,0,10.47774,63.11265,3.477218225,0,4.1726922,0,85.4501923,0
441,0,0,1.829535,0,0,0,13.01476,0,9.118275,67.26855,3.675224958,0,4.3674024,0,85.715416,0
442,0,0,1.79875,0,0,0,13.24332,0,8.149351,71.66388,3.906232812,0,4.5774789,0,85.9954317,0
443,0,0,1.749495,0,0,0,13.98674,0,6.985158,75.53461,4.147141003,0,4.7839769,0,86.2076794,0
444,0,0,1.724867,0,0,0,14.28365,0,6.164193,79.04046,4.441951026,0,5.0201551,0,86.3752073,0
445,0,0,1.701368,0,0,0,14.98986,0,5.343228,82.53208,4.726860713,0,5.3070632,0,86.5011111,0
446,0,0,1.680845,0,0,0,15.62697,0,4.739796,85.71332,5.079972719,0,5.579868,0,86.594335,0
447,0,0,1.648008,0,0,0,16.56858,0,3.988868,88.7935,5.408883902,0,5.9074021,0,86.7253989,0
448,0,0,1.606859,0,0,0,17.03255,0,3.570965,91.49166,5.780696544,0,6.2698789,0,86.636303,0
449,0,0,1.601831,0,0,0,18.02656,0,2.972635,93.48002,6.15910941,0,6.6386705,0,86.641119,0
450,0,0,1.547444,0,1.832702,0,18.74872,0,2.657236,95.01439,6.614524894,0,7.0720849,0,86.6909989,0
451,0,0,1.521688,0,1.791748,0,19.72071,0,2.138219,96.45779,7.1029415,0,7.5044468,0,86.7381268,0
452,0,0,1.483823,0,1.730316,0,20.78382,0,1.896568,97.73399,7.607858667,0,7.9860651,0,86.7333109,0
453,0,0,1.461247,0,1.668885,0,21.93046,0,1.729592,98.69891,8.17206785,0,8.4891541,0,86.8853587,0
454,0,0,1.408811,0,1.617692,0,23.13785,0,1.544063,99.47516,8.765098013,0,9.0817046,0,86.9944066,0
455,0,0,1.422253,0,1.576738,0,24.25336,0,1.372449,100,9.425120454,0,9.6870954,0,87.3081342,0
456,0,0,1.392495,0,1.505068,0,25.43037,0,1.18692,99.58424,10.07194245,0,10.3467946,0,87.6583258,0
457,0,0,1.349396,0,1.464114,0,26.87392,0,1.075603,99.35834,10.83096825,0,11.0140718,0,88.1044933,0
458,0,0,1.314507,0,1.412921,0,28.218,0,0.992115,98.64607,11.58999406,0,11.7249219,0,88.6583327,0
459,0,0,1.306195,0,1.35149,0,29.59245,0,0.8205009,97.80166,12.41282204,0,12.5062886,0,89.0577162,0
460,0,0,1.272434,0,1.300297,0,30.9669,0,0.7050093,97.06574,13.25435065,0,13.3026007,0,89.5007878,0
461,0,0,1.237442,0,1.259343,0,32.40894,0,0.5004638,95.90404,14.09477922,0,14.1382758,0,90.137531,0
462,0,0,1.215996,0,1.197911,0,33.51077,0,0.6539889,94.43401,15.03641124,0,14.9802659,0,90.4646747,0
463,0,0,1.187263,0,1.167196,0,34.80853,0,0.4545455,92.81658,15.90544078,0,15.8576195,0,90.8922662,0
464,0,0,1.140984,0,1.13648,0,36.06224,0,0.3752319,91.29401,16.89217433,0,16.7242377,0,91.05257,0
465,0,0,1.121487,0,1.085287,0,37.53541,0,0.3242115,89.83582,17.74250325,0,17.5919085,0,91.2397058,0
466,0,0,1.096859,0,1.06481,0,38.31679,0,0.3061225,88.22964,18.72483664,0,18.5046257,0,91.5850814,0
467,0,0,1.073257,0,1.034094,0,39.77477,0,0.2133581,85.88976,19.58616593,0,19.3748224,0,91.7773772,0
468,0,0,1.071308,0,1.013617,0,40.67842,0,0.2040816,83.76234,20.6235012,0,20.2711208,0,92.1829528,0
469,0,0,1.038368,0,1.003379,0,41.85543,0,0.1850649,81.70553,21.35832618,0,21.1792071,0,92.5193844,0
470,0,0,1.037444,0,0.9931402,0,42.74465,0,0.1943414,80.14175,22.3351594,0,22.0990812,0,92.830016,0
471,0,0,1.005634,0,0.9829016,0,43.73866,0,0.1479592,78.47677,23.2998922,0,23.0578973,0,93.3422314,0
472,0,0,0.9974244,0,0.9829016,0,44.87011,0,0.2175325,76.66189,24.26022485,0,24.0988075,0,93.751935,0
473,0,0,0.9788509,0,0.9829016,0,45.97195,0,0.0923,74.67384,25.34046158,0,25.1984465,0,94.5830381,0
474,0,0,0.9563781,0,0.9829016,0,46.84446,0,0.1159555,72.94648,26.28209359,0,26.3121889,0,95.3205732,0
475,0,0,0.9603801,0,1.003379,0,47.97591,0,0.1762523,71.20712,27.74184322,0,27.4770821,0,95.9831165,0
476,0,0,0.9306216,0,1.013617,0,49.22127,0,0.1572356,69.56596,28.91338306,0,28.6756549,0,96.5613798,0
477,0,0,0.9122534,0,1.034094,0,50.55775,0,0.1340445,67.88657,30.3676325,0,30.0154716,0,97.0027314,0
478,0,0,0.9050702,0,1.044333,0,52.06965,0,0.2272727,66.1512,31.83288232,0,31.3698125,0,97.3842269,0
479,0,0,0.8936799,0,1.075049,0,53.83897,0,0.0649,64.3349,33.47963831,0,32.8605559,0,97.7794825,0
480,0,0,0.8948087,0,1.095526,0,55.54754,0,0.106679,62.4074,35.19789673,0,34.4249734,0,98.0539942,0
481,0,0,0.8855733,0,1.126241,0,57.78691,0,0.1205937,60.375,37.07786065,0,36.1478956,0,98.4946577,0
482,0,0,0.8824948,0,1.156957,0,59.74683,0,0.0881,58.69549,39.12723033,0,37.8661867,0,98.7598814,0
483,0,0,0.8753117,0,1.187673,0,62.48814,0,0.1020408,57.02758,41.18210019,0,39.8478103,0,99.0330171,0
484,0,0,0.8475029,0,1.218388,0,65.00163,0,0.1989796,55.30087,43.57028139,0,41.8734278,0,99.1716489,0
485,0,0,0.8537624,0,1.259343,0,67.88722,3.788147,0.1340445,53.62544,45.73955514,0,43.8173724,0,99.3783927,0
486,0,0,0.8629978,0,1.300297,0,70.8176,3.92743,0.1479592,52.04012,48.323543,0,45.8838264,0,99.6267604,0
487,0,0,0.8455532,0,1.341251,0,74.07528,4.321754,0.1989796,50.59781,50.71062416,0,47.9490175,0,99.8837281,0
488,0,0,0.8218489,0,1.371967,0,77.32536,5.197451,0.1437848,49.27477,53.30121224,0,50.0424152,0,99.985552,0
489,0,0,0.8414485,0,1.433398,0,80.61342,6.337994,0.0737,47.8256,55.80929752,0,52.18107,0,100,0
490,0,0,0.835189,0,1.484591,0,83.64404,7.697946,0.1020408,46.25397,58.25138055,0,54.2584699,0,99.9222561,0
491,0,0,0.8404224,0,1.525545,0,87.12877,9.391582,0.0551948,44.79634,60.61866103,0,56.192521,0,99.5823845,0
492,0,0,0.8435009,0,1.586977,0,89.86324,11.31525,0.1108534,43.26833,62.74173322,0,57.9575427,0,99.2672808,0
493,0,0,0.8578671,0,1.648408,0,92.58936,13.41405,0.0969,41.86204,64.76140189,0,59.5025944,0,98.9655932,0
494,0,0,0.850684,0,1.709839,0,95.01856,15.9199,0.0737,40.64304,66.34545575,0,60.7836822,0,98.5940736,0
495,0,0,0.8618691,0,1.781509,0,97.03165,19.0153,0.0551948,39.53817,67.71060216,0,61.8774273,0,98.4636977,0
496,0,0,0.8587905,0,1.84294,0,98.47367,22.55203,0.0551948,38.20118,68.5323301,0,62.5164977,0,98.3501778,0
497,0,0,0.8804425,0,1.91461,0,99.68942,26.3913,-0.0227,36.9749,68.97454513,0,62.8996032,0,98.1368981,0
498,0,0,0.8978872,0,1.996519,0,100,30.43206,0.0649,35.75102,68.94594416,0,62.9330723,0,97.9122663,0
499,0,0,0.9245672,0,2.078428,0,99.89369,34.79373,-0.0551948,34.53493,68.42782655,0,62.5106038,0,97.5668907,0
500,1.00239562,0,0.9234385,0,2.160336,0,98.89133,39.86677,-0.00417,33.29013,67.48289442,0,61.9361561,0,97.4753868,0
501,0.897722688,0,0.9624324,0,2.262721,0,97.30502,45.06802,-0.00881,32.08385,66.16383957,0,61.1360551,0,97.286531,0
502,0.917304148,0,0.9870602,0,2.365107,0,94.88188,50.09026,0.0835,30.90874,64.45119134,0,60.1020913,0,97.2593551,0
503,0.958262615,0,1.011688,0,2.447016,0,92.24765,55.08746,-0.0325,29.68185,62.65153015,0,58.7940598,0,97.2411231,0
504,0.975785053,0,1.049758,0,2.55964,0,88.66344,60.14661,0.1298701,28.58351,60.54165842,0,57.4944481,0,96.9521634,0
505,1.031801248,0,1.092754,0,2.651787,0,84.88181,65.46947,0.0969,27.25907,58.70349592,0,56.1224253,0,96.7467956,0
506,1.077772567,0,1.122615,0,2.743934,0,80.49951,70.73576,0.1298701,26.27039,56.73002882,0,54.7632429,0,96.8682275,0
507,1.081009723,0,1.154426,0,2.887274,0,75.85296,75.33575,0.0227,25.24582,55.11297384,0,53.487628,0,96.9146674,0
508,1.108146931,0,1.193318,0,2.999898,0,70.86317,79.72852,0.0969,24.25435,53.706026,0,52.3564144,0,96.9893154,0
509,1.178260001,0,1.22205,0,3.102283,0,65.82934,83.72952,0.0366,23.35708,52.66429059,0,51.4039131,0,97.1021472,0
510,1.21865101,0,1.290802,0,3.255862,0,60.68085,87.4406,0.0274,22.48179,51.9910677,0,50.6953785,0,97.2755231,0
511,1.238616826,0,1.301064,0,3.388963,0,55.57792,90.93436,0.0417,21.62568,51.66325655,0,50.2070243,0,97.282747,0
512,1.332366276,0,1.369817,0,3.522064,0,50.81594,93.58064,0.0551948,20.81867,51.7204585,0,50.0546241,0,97.3804429,0
513,1.387529196,0,1.40368,0,3.69612,0,46.03194,95.84365,0.0366,20.08289,52.1351726,0,50.0148401,0,97.335035,0
514,1.437976145,0,1.466378,0,3.859937,0,41.36185,97.5192,0.1159555,19.18099,52.80509537,0,50.1853431,0,97.308547,0
515,1.454298871,0,1.49706,0,4.003276,0,37.13978,98.93476,0.1108534,18.46791,53.82152993,0,50.6482271,0,97.2297711,0
516,1.56003583,0,1.582334,0,4.197809,0,33.03161,99.76164,0.1298701,17.75225,54.95676853,0,51.4030712,0,97.347075,0
517,1.571331206,0,1.637746,0,4.371864,0,29.31908,100,0.0923,17.014,56.3736167,0,52.2587435,0,97.5434987,0
518,1.624111909,0,1.679819,0,4.535682,0,25.77209,99.57642,0.1669759,16.46043,57.83776648,0,53.2861819,0,97.3573949,0
519,1.722903136,0,1.751547,0,4.750691,0,22.5911,99.10033,0.0459,15.81343,59.44602116,0,54.4274994,0,97.1902111,0
520,1.779564571,0,1.824507,0,4.934985,0,19.6144,98.40125,0.1298701,15.14406,61.08617693,0,55.7090082,0,97.0309393,0.0268557
521,1.813650579,0,1.895312,0,5.109041,0,17.18443,97.18201,-0.051,14.56686,62.69663169,0,57.0418785,0,96.9401234,0.0268557
522,1.874216143,0,1.959857,0,5.334289,0,14.65574,95.39993,0.00417,14.05811,64.36318835,0,58.3846421,0.6529897,96.8785475,0.0265606
523,1.89997839,0,2.051287,0,5.518583,0,12.77252,93.58913,0.0366,13.54392,65.85043891,0,59.7219328,0.651367,96.9170754,0.0265975
524,1.967094906,0,2.110805,0,5.713115,0,11.01838,91.59315,0.1205937,12.97332,67.43559281,0,61.2389883,0.6625196,96.8052756,0.0261671
525,2.051585653,0,2.182533,0,5.979318,0,9.294626,89.29585,0.0551948,12.43162,68.78203859,0.0906,62.8013009,0.6669453,96.6353398,0.0268557
526,2.104304011,0,2.262676,0,6.194328,0,8.01054,86.97055,0.1205937,11.98198,70.21098717,0.1219091,64.4196057,0.6650729,96.416212,0.0268557
527,2.214723941,0,2.359032,0,6.399099,0,7.046146,84.4696,0.00417,11.50251,71.47823026,0.1422273,66.0000211,0.6776553,96.445108,0.0247899
528,2.294159416,0,2.41547,0,6.696017,0,5.854703,82.02782,0.0274,11.10827,72.75537368,0.1727046,67.401303,0.6821491,96.1836683,0.0250195
529,2.322789761,0,2.513058,0,6.931504,0,5.185703,79.41432,-0.0325,10.66136,73.93351374,0.1948438,68.6472377,0.6940575,95.9346126,0.025249
530,2.411367848,0,2.611569,0,7.17723,0,4.494681,76.79704,0.1020408,10.323,75.06435219,0.2050987,69.9262206,0.718773,95.526285,0.0245604
531,2.51028952,0,2.693559,0,7.515102,0,3.857574,74.0827,0.0274,9.938858,76.19079049,0.2484186,71.2550914,0.7450614,95.2180613,0.0236422
532,2.693657398,0,2.781808,0,7.781304,0,3.180979,71.33536,0.0551948,9.515805,77.12252217,0.3001724,72.5513351,0.7697769,94.5778781,0.0227241
533,2.786073756,0,2.899919,0,8.067984,0,2.86964,68.92858,0.1391466,9.123953,78.05975403,0.3551849,73.6766548,0.793369,93.765695,0.0234127
534,2.896269634,0,3.00038,0,8.446811,0,2.354031,66.60094,0.0459,8.866582,78.82428003,0.407418,74.7470346,0.8290942,92.7808241,0.0231832
535,2.957653041,0,3.09181,0,8.764206,0,2.050285,64.09785,0.1391466,8.45377,79.60750666,0.4700976,75.7422668,0.8726835,91.7777212,0.0224946
536,3.032433477,0,3.208792,0,9.09184,0,1.700977,61.83329,0.1479592,8.161202,80.205927,0.5587502,76.6244619,0.9131271,90.3883068,0.0231832
537,3.215486125,0,3.303096,0,9.542336,0,1.442793,59.61078,0.0969,7.902201,80.77904649,0.6220049,77.4304569,0.9657038,89.1471561,0.0218059
538,3.324322947,0,3.398529,0,9.890448,0,1.108673,57.37489,0.2175325,7.568273,81.29276395,0.7234041,78.1773021,1.0304136,87.9589815,0.0227241
539,3.480901818,0,3.525772,0,10.25904,0,1.077539,55.43717,0.1108534,7.340113,81.74047918,0.8404253,78.8963616,1.134893,86.6899669,0.0224946
540,3.586755128,0,3.624283,0,10.74025,0,0.8649166,53.17561,0.1530612,7.033706,82.1881944,0.9875405,79.539221,1.2272392,85.3163764,0.0238718
541,3.815908276,0,3.747524,0,11.11907,0,0.7821459,51.48543,0.1572356,6.76331,82.53250611,1.127084,80.1048277,1.3481207,83.7274422,0.025249
542,4.009954152,0,3.861325,0,11.50814,0,0.6522945,49.7223,0.1669759,6.510354,82.88561811,1.321257,80.7489501,1.4941671,82.145732,0.0250195
543,4.14787984,0,3.971124,0,11.99959,0,0.7358245,48.27464,0.0783859,6.262905,83.22662971,1.570347,81.3375012,1.6572897,80.5299658,0.0259376
544,4.293229519,0,4.107603,0,12.41937,0,0.4320786,46.74945,0.231911,6.007205,83.51153939,1.846463,81.7258691,1.8329948,78.7838238,0.0261671
545,4.627982653,0,4.211245,0,12.84939,0,0.4092976,45.48718,0.1530612,5.840609,83.74474732,2.14146,82.1952785,2.0421782,77.1911056,0.0257081
546,4.728349847,0,4.338488,0,13.40227,0,0.1974349,44.20364,0.1989796,5.658343,83.9735551,2.523959,82.6101691,2.2607984,75.4054035,0.0270853
547,4.942875993,0,4.486255,0,13.84253,0,0.3113396,42.84221,0.25,5.465559,84.14626097,2.964826,82.8467683,2.4953715,73.2726059,0.0261671
548,5.125199639,0,4.636176,0,14.30327,0,0.3181739,41.70633,0.2458256,5.226005,84.3794689,3.413072,83.0774736,2.7879136,71.0152805,0.0263967
549,5.40510576,0,4.764343,0,14.8971,0,0.5543364,40.5601,0.1669759,5.003949,84.63137747,3.946712,83.3599613,3.1285388,68.6547551,0.0254785
550,5.655972903,0,4.900822,0,15.38855,0,0.4556189,39.435,0.2272727,4.82222,84.90638682,4.597469,83.632766,3.4893858,66.5560134,0.025249
551,5.83229305,0,5.061005,0,15.89024,0,0,38.58361,0,4.656301,85.24299826,5.158135,83.9510383,3.9266263,64.282176,0.0241013
552,6.081441779,0,5.206617,0,16.54551,0,0,37.44517,0,4.477296,85.676413,6.027792,84.2829929,4.384538,61.8910347,0.0231832
553,6.261153481,0,5.377985,0,17.06768,0,0,36.42616,0,4.280793,86.21323125,7.023,84.5997916,4.9352453,59.4132054,0.0229536
554,6.479297625,0,5.55356,0,17.58984,0,0,35.46679,0,4.130284,86.79735111,8.211614,84.8317599,5.5216778,57.111504,0.0213469
555,6.653517083,0,5.696094,0,18.25535,0,0,34.55879,0,3.997791,87.58387785,9.637721,85.1254039,6.2083206,54.7901946,0.0199697
556,6.816768147,0,5.892192,0,18.77752,0,0,33.81929,0,3.844696,88.40450575,11.33985,85.5325061,6.979221,52.5170452,0.0197401
557,7.061020241,0,6.067665,0,19.32016,0,0,32.821,0,3.715404,89.47154203,13.41767,86.427331,7.8813384,50.6119753,0.0204287
558,7.316279123,0,6.237904,0,20.01638,0,0,31.78624,0,3.569926,90.62768134,15.78301,87.401724,8.9510722,48.6463615,0.0197401
559,7.45868244,0,6.421586,0,20.55902,0,0,31.06413,0,3.489054,92.00272809,18.78953,88.7225958,10.2304388,46.5324839,0.0190515
560,7.684790896,0,6.651445,0,21.12215,0,0,30.15197,0,3.31347,93.4382769,22.02894,90.060939,11.5787842,44.645646,0.019281
561,7.997885469,0,6.834204,0,21.85932,0,0,29.33902,0,3.186305,95.02453083,25.82806,91.4948481,13.0814894,42.869232,0.0199697
562,8.036084008,0,7.058933,0,22.44292,0,0,28.56108,0,3.060016,96.70098783,29.83611,93.104733,14.8046124,41.10417,0.0197401
563,8.333082609,0,7.241486,0,23.047,0,0,27.6214,0,2.96421,98.13763668,34.52366,94.6466273,16.6317653,39.3298199,0.0215764
564,8.648608384,0,7.466317,0,23.81489,0,0,26.74772,0,2.875682,99.40707984,39.7048,96.0607496,18.6725954,37.6576378,0.0211173
565,8.861047511,0,7.690019,0,24.43944,0,0,25.74535,0,2.744342,100,45.82422,97.379727,20.9324951,36.2668474,0.0213469
566,8.934440396,0,7.923982,0,25.06399,0,0,25.10942,0,2.654681,99.95049832,52.49663,98.5599865,23.3741664,34.4660094,0.0199697
567,9.221956467,0,8.14553,0,25.8626,0,0,24.24641,0,2.510396,98.9263635,60.09008,99.4192374,25.9243614,32.8794832,0.0208878
568,9.590905813,0,8.396015,0,26.47691,0,0,23.50311,0,2.434734,96.63278551,67.22636,99.8934883,28.5138767,31.3332049,0.0201992
569,9.919851466,0,8.64219,0,27.15266,0,0,22.69247,0,2.347757,93.12586628,75.31914,100,31.0676667,29.9537664,0.0208878
570,10.23817007,0,8.886415,0,28.00246,0,0,21.68404,0,2.281699,88.3088025,82.26852,99.1415911,33.6484191,28.7274078,0.0199697
571,10.64970741,0,9.13064,0,28.66796,0,0,20.89881,0,2.160421,82.18379425,88.78088,97.4357193,35.9984182,27.5674411,0.0197401
572,11.11323002,0,9.396415,0,29.40514,0,0,20.11592,0,2.073543,75.41086397,93.44257,95.007841,37.9972318,26.4435944,0.018822
573,11.59026052,0,9.671527,0,30.32661,0,0,19.47529,0,1.957892,67.49279476,96.55931,92.0682433,39.9369529,25.4518435,0.0195106
574,12.02875815,0,9.931145,0,31.04331,0,0,18.65756,0,1.9185,60.12254417,98.90739,88.4824182,41.4747093,24.4518366,0.0183629
575,12.48989972,0,10.21118,0,31.83168,0,0,18.06088,0,1.864413,51.85466306,99.55911,84.0602865,42.6572358,23.6300215,0.0185924
576,12.96854899,0,10.47696,0,32.82482,0,0,17.32446,0,1.742499,44.91452709,99.99998,79.1630619,43.5137418,22.8106145,0.0183629
577,13.52106665,0,10.77157,0,33.58247,0,0,16.70262,0,1.713427,37.80058522,97.92982,73.6501321,43.9390739,22.1511672,0.0185924
578,14.18725632,0,11.03827,0,34.43227,0,0,15.988,0,1.648304,31.86918355,94.97697,67.7776725,43.9112128,21.423608,0.0181334
579,14.91720988,0,11.30927,0,35.53804,0,0,15.38996,0,1.584692,26.43059864,91.67719,61.6974519,43.4151043,20.6788488,0.0179038
580,15.50614299,0,11.62317,0,36.40831,0,0,14.97182,0,1.525057,21.75543968,87.10751,55.7584751,42.4943379,20.0396976,0.0176743
581,16.09709217,0,11.89716,0,37.40145,0,0,14.45914,0,1.479421,17.94821024,82.73719,49.8767537,41.4093254,19.5144101,0.0172152
582,17.08076758,0,12.20613,0,38.69151,0,0,13.88615,0,1.447744,14.6205971,76.96854,43.9495648,39.9421207,18.9705468,0.0172152
583,17.75690893,0,12.51911,0,39.73584,0,0,13.40696,0,1.404057,12.08391085,71.88229,38.3661183,38.2601154,18.5064913,0.0176743
584,18.6437721,0,12.80018,0,40.8928,0,0,12.87406,0,1.348896,9.800233208,66.35421,33.2731311,36.4882354,18.1463237,0.0174448
585,19.28227416,0,13.11726,0,42.35692,0,0,12.34572,0,1.329468,8.112775834,62.26853,28.4697883,34.7323081,17.8078281,0.0167561
586,20.36357881,0,13.41895,0,43.51387,0,0,11.88779,0,1.268799,6.582623809,58.32948,24.2571017,32.8067424,17.4552284,0.0167561
587,21.2129105,0,13.7309,0,44.78345,0,0,11.40547,0,1.232788,5.474886146,54.10963,20.5729742,31.0485683,17.2326607,0.0156085
588,22.08391275,0,14.03362,0,46.36019,0,0,10.93634,0,1.209463,4.476052186,50.65554,17.416985,29.2229882,17.0551569,0.0153789
589,22.99073984,0,14.34659,0,47.53763,0,0,10.59322,0,1.169275,3.726926716,48.09564,14.6708345,27.5335682,16.8477251,0.0153789
590,24.00092581,0,14.67291,0,48.74578,0,0,10.27972,0,1.104211,3.0647042,44.87252,12.4648206,25.9607607,16.5721814,0.0153789
591,24.68159905,0,15.01062,0,50.12798,0,0,9.847617,0,1.07854,2.557586958,41.9053,10.5810784,24.5319774,16.3840136,0.0146903
592,25.58028119,0,15.34299,0,51.10064,0,0,9.438091,0,1.051854,2.127472334,39.59363,9.0088725,23.2063254,16.1982539,0.0144608
593,26.2576012,0,15.69086,0,52.07331,0,0,9.110133,0,1.025706,1.767760104,37.15353,7.7340995,22.040875,15.9801581,0.0151494
594,27.109522,0,16.03986,0,53.17907,0,0,8.779702,0,0.9490293,1.496050866,34.91949,6.7138181,20.9077796,15.8669822,0.0153789
595,27.76374519,0,16.40507,0,53.96745,0,0,8.437654,0,0.9509979,1.233141927,33.32949,5.9267679,19.9622976,15.7637823,0.0146903
596,28.47940256,0,16.77756,0,54.75581,0,0,8.284407,0,0.9213693,1.046025565,31.72512,5.2801196,19.0208599,15.6282465,0.0153789
597,29.13430088,0,17.17058,0,55.67728,0,0,7.92032,0,0.8842839,0.861329285,30.25014,4.7650322,18.1690723,15.5501586,0.0151494
598,29.72516514,0,17.5832,0,56.35303,0,0,7.684351,0,0.870424,0.713924273,28.87866,4.3629819,17.3799723,15.6093265,0.0146903
599,30.23232558,0,17.9875,0,57.04925,0,0,7.305268,0,0.8487893,0.592920159,27.75349,4.0339743,16.7456815,15.6626465,0.0149199
600,30.52295985,0,18.42044,0,57.84785,0.9342855,0,7.08483,0,0.8162972,0.458715596,26.79605,3.7500132,16.1008304,15.7627503,0.015838
601,30.84954172,0,18.86168,0,58.45193,0.950739,0,6.963509,0,0.7919382,0.390513277,26.01974,3.5115195,15.5442813,15.9994221,0.0165266
602,31.31633746,0,19.33372,0,59.08672,1.071235,0,6.7048,0,0.7479327,0.288209799,25.10063,3.3532253,15.0524419,16.2804698,0.0162971
603,31.45997482,0,19.80883,0,59.84438,1.150167,0,6.467101,0,0.7322037,0.233207929,24.23423,3.2363992,14.540156,16.6592133,0.0165266
604,31.89654846,0,20.34448,0,60.41773,1.301096,0,6.282627,0,0.7060352,0.178206059,23.57868,3.1618831,14.0507882,17.1218928,0.0174448
605,31.89310185,0,20.86998,0,61.02181,1.480135,0,6.049913,0,0.7023565,0.126504301,22.84933,3.1513582,13.6086046,17.6506202,0.0181334
606,31.89437354,0,21.42307,0,61.76922,1.678626,0,5.847435,0,0.6645352,0.093503179,22.30208,3.1307295,13.2362986,18.2969955,0.0190515
607,31.91447641,0,22.01517,0,62.3221,1.885549,0,5.612044,0,0.6454259,0.047301608,21.68871,3.0871565,12.8734294,18.8542749,0.0213469
608,32.35316011,0,22.59176,0,62.93642,2.12849,0,5.517994,0,0.6291202,0.034101159,21.15487,3.0585288,12.6330146,19.5446821,0.0234127
609,32.38420597,0,23.24553,0,63.70431,2.329342,0,5.332037,0,0.6350459,-0.001100037,20.54245,3.0345321,12.3640645,20.2402493,0.025249
610,32.5154217,0,23.90022,0,64.30838,2.646306,0,5.126389,0,0.5854528,-0.033001122,20.21659,3.086525,12.1643179,20.9289366,0.0275444
611,32.76851036,0,24.5744,0,64.97389,2.944491,0,4.939525,0,0.5689881,-0.037401272,20.04983,3.0972604,12.0214171,21.6506477,0.0296102
612,32.47055374,0,25.28337,0,65.79298,3.479809,0,4.82187,0,0.558966,-0.058301982,19.6818,3.1522002,11.8385221,22.354127,0.0314465
613,32.88845424,0,26.00271,0,66.40729,3.779044,0,4.64065,0,0.5383255,-0.08030273,19.49779,3.1930367,11.6475383,23.0424702,0.035119
614,33.0072532,0,26.75088,0,67.05232,4.249223,0,4.455064,0,0.5042427,-0.08030273,19.0253,3.2094555,11.5003685,23.6654535,0.0399393
615,33.34367175,0,27.50705,0,67.91235,4.706433,0,4.290446,0,0.5111825,-0.105603591,18.94,3.2157705,11.3399421,24.132261,0.04453
616,33.47443054,0,28.31259,0,68.51643,5.331177,0,4.113305,0,0.5060721,-0.100103404,18.66206,3.2486081,11.2397318,24.6551404,0.0479731
617,34.26542076,0,29.10489,0,69.12051,5.8801,0,4.032396,0,0.4788695,-0.11000374,18.63714,3.2987065,11.1109863,25.1990038,0.0532524
618,34.7476994,0,29.93812,0,69.87816,6.598916,0,3.872763,0,0.4652284,-0.124304226,18.17136,3.3523834,11.0262794,25.7834591,0.0594499
619,35.62704273,0,30.77341,0,70.39009,7.185356,0,3.728043,0,0.4475507,-0.108903703,17.91834,3.4645785,10.9763989,26.2144906,0.0644997
620,36.62007874,0,31.63631,0,70.86106,7.880523,0,3.597535,0,0.428481,-0.140804787,17.79183,3.5212024,10.8878723,26.5154903,0.0718449
621,37.60034733,0,32.51983,0,71.39347,8.570893,0,3.447253,0,0.4253591,-0.146304974,17.42955,3.6129793,10.7355347,26.8825379,0.0810263
622,38.50904704,0,33.43219,0,71.73135,9.484116,0,3.2959,0,0.3976593,-0.154005236,17.20241,3.6965468,10.6303812,27.1154256,0.0904373
623,39.8923946,0,34.28893,0,72.02826,10.27242,0,3.228875,0,0.4016562,-0.166105648,16.90531,3.7420142,10.4477109,27.4790332,0.0959462
624,41.5543651,0,35.20836,0,72.33541,11.0578,0,3.086173,0,0.4044003,-0.147405012,16.71267,3.8790481,10.2946992,27.9166007,0.1028322
625,42.70176568,0,36.11969,0,72.51971,11.91308,0,2.982731,0,0.3920716,-0.168305722,16.34464,3.9068338,10.1075351,28.2650723,0.1147681
626,44.42348059,0,37.0104,0,72.66305,13.05312,0,2.920278,0,0.3729224,-0.181506171,16.04849,3.9912433,9.9486815,28.6214559,0.126704
627,46.71859939,0,37.93281,0,72.79615,13.89596,0,2.786186,0,0.3530971,-0.16500561,15.77439,4.0876512,9.774774,28.7655918,0.1395581
628,49.14671345,0,38.8349,0,72.8883,14.85326,0,2.775105,0,0.3473901,-0.179306096,15.42936,4.1830065,9.6051354,29.0263435,0.1526416
629,51.22993003,0,39.73884,0,72.97021,15.88593,0,2.656543,0,0.341882,-0.173805909,15.20318,4.2657321,9.3853918,29.2158873,0.1719227
630,54.03071797,2.145717303,40.62442,0,73.1033,16.78277,0,2.594668,0,0.3334906,-0.172705872,14.73452,4.315199,9.1625025,29.2151993,0.190056
631,56.66181761,2.349090764,41.49881,0,73.23641,17.91371,0,2.514954,0,0.3090321,-0.181506171,14.34253,4.3783482,8.9373663,29.2630152,0.2075008
632,59.16806498,2.722215648,42.34846,0,73.40022,19.1427,0,2.457816,0,0.320108,-0.174905947,13.986,4.4229737,8.6747075,29.1501833,0.2316021
633,62.01506188,3.14247569,43.158,0,73.71762,20.3444,0,2.335052,0,0.2992089,-0.184806283,13.40425,4.4943324,8.36801,29.0063915,0.2550148
634,65.00948697,3.686816426,43.98611,0,74.02477,21.47084,0,2.277008,0,0.2932633,-0.200206807,12.93751,4.5303274,8.0822084,28.8106557,0.278198
635,67.8039267,4.264558167,44.75788,0,74.44456,22.79645,0,2.166645,0,0.2952717,-0.181506171,12.40655,4.6124215,7.8575216,28.3978562,0.2988562
636,70.51513344,4.977712021,45.5275,0,75.17149,24.00111,0,2.102462,0,0.2929252,-0.196906695,11.99731,4.7448244,7.6236227,28.2812403,0.3277778
637,73.64252024,5.809035636,46.20671,0,75.84724,25.28976,0,2.057106,0,0.2795427,-0.19470662,11.43569,4.7620852,7.3045674,27.7831289,0.3594538
638,77.06051222,6.7329302,46.88192,0,76.69704,26.79643,0,2.006517,0,0.2712705,-0.189206433,10.98332,4.9056445,7.0497726,27.5254732,0.3865391
639,80.40951796,7.806046444,47.46581,0,78.07925,28.56287,0,1.872343,0,0.2674725,-0.195806657,10.44949,5.0218391,6.7475689,27.2918974,0.4211991
640,82.79364899,8.939762721,48.07329,0.7548319,79.31811,30.14488,0,1.838974,0,0.2683674,-0.204606957,9.982747,5.1207729,6.4965937,27.0025938,0.4609088
641,85.37153692,10.3313882,48.58226,0.6441227,80.77199,32.66199,0,1.799509,0,0.2512663,-0.22440763,9.508911,5.2512814,6.2128143,26.8474499,0.5075047
642,87.96065674,12.02640832,49.05327,0.6843802,82.9528,34.92882,0,1.730712,0,0.2578482,-0.231007854,8.95294,5.3893678,5.9324052,26.6685701,0.556855
643,90.80374453,13.72202228,49.48641,0.5384462,84.78551,37.6129,0,1.703605,0,0.2393154,-0.218907443,8.548877,5.5245072,5.6533442,26.6400182,0.6204365
644,93.25189581,15.72825941,49.87009,0.704509,86.83321,40.50552,0,1.630318,0,0.2461558,-0.225507667,8.096605,5.6049172,5.3790017,26.751474,0.6918223
645,95.0436856,17.86441145,50.21395,0.7347031,89.67953,43.47126,0,1.503394,0,0.224004,-0.251908565,7.684299,5.7099555,5.1302734,26.767986,0.7719305
646,96.65582145,20.07370163,50.51564,0.7347031,91.88083,47.28572,0,1.459727,0,0.2270265,-0.247508415,7.250717,5.8520413,4.9134506,27.0882497,0.8676471
647,98.255504,22.74319651,50.79065,0.8504431,94.11283,51.18422,0,1.437069,0,0.2227711,-0.226607705,6.868697,6.0511719,4.7229163,27.5326972,0.9915967
648,99.1993823,25.51428314,51.02257,0.9359909,96.66223,55.77409,0,1.408191,0,0.2153938,-0.243108266,6.562678,6.2094661,4.4816026,28.0256486,1.1323024
649,99.77308121,28.41683473,51.2278,0.8353469,98.20825,60.39661,0,1.35233,0,0.2090704,-0.250808527,6.252442,6.2862977,4.2829795,28.7631838,1.3078977
650,100,31.6477705,51.44329,0.9561197,99.36521,65.40831,0,1.276365,0,0.2098459,-0.239808153,5.970001,6.4986897,4.1236766,29.451871,1.5043807
651,99.55604064,34.93757349,51.62492,0.9762485,100,69.93282,0,0,0,0,0,5.70136,6.6260406,3.927525,30.4467179,1.7637567
652,99.04607403,39.00403199,51.80132,1.112117,99.69284,75.18536,0,0,0,0,0,5.458117,6.7338154,3.7974314,31.7174525,2.0603175
653,97.46512309,42.9155741,51.99741,1.137279,98.57684,80.07762,0,0,0,0,0,5.225607,6.8872681,3.6464419,33.1481469,2.4317072
654,95.90307843,46.42496161,52.19741,1.0467,95.87386,84.88214,0,0,0,0,0,5.007283,7.0925031,3.5410638,34.5857213,2.8882549
655,93.90806182,51.32592744,52.43045,1.152377,92.90468,89.08218,0,0,0,0,0,4.830361,7.2421669,3.4428756,36.3724553,3.4646204
656,91.41594287,55.2455743,52.68073,1.182569,89.01403,92.78687,0,0,0,0,0,4.655548,7.4299306,3.3835583,38.2703011,4.1695263
657,88.78969118,59.79176589,52.98868,1.373793,82.89137,95.99799,0,0,0,0,0,4.486677,7.7208382,3.3226682,40.2538029,4.9965455
658,85.39680771,64.41400651,53.32116,1.293278,77.70042,98.37317,0,0,0,0,0,4.220241,7.950912,3.268294,42.3140166,6.0349676
659,81.79995571,68.13359998,53.72125,1.529791,71.92587,99.43361,0,0,0,0,0,4.059228,8.1517266,3.2076286,44.7313019,7.2450828
660,78.12666237,72.58680613,54.16979,1.590177,64.10361,100,0,0,0,0,0,4.016388,8.3327545,3.1390991,47.2672671,8.8642316
661,74.32289234,76.59974087,54.71047,1.393922,58.21644,99.71358,0,0,0,0,0,3.882978,8.5093619,3.0862977,49.8661842,10.7266889
662,70.16907752,80.55086353,55.29138,1.992761,52.32927,98.41766,0,0,0,0,0,3.74353,8.7255428,3.033721,52.5803411,13.0736972
663,65.2883541,84.76964862,55.98085,1.781398,45.25443,96.01115,0,0,0,0,0,3.639639,8.8878364,2.9658656,55.8170335,15.9812331
664,61.39329582,88.55868059,56.75058,2.390291,40.40135,93.62656,0,0,0,0,0,3.5691,9.0833886,2.9330613,59.1214938,19.5927568
665,57.28497732,90.7486129,57.61142,2.314818,35.76328,90.38733,0,0,0,0,0,3.47786,9.34209,2.8872252,62.6973698,23.7462155
666,52.86531733,93.20268762,58.56779,2.556357,30.35732,86.41145,0,0,0,0,0,3.328157,9.5957395,2.862285,66.6131174,28.7703054
667,48.19236645,95.07109568,59.6114,2.772749,26.77383,82.05199,0,0,0,0,0,3.268544,9.8474946,2.8112811,70.8659846,34.6227916
668,44.65589794,97.37729835,60.7454,3.190413,23.45654,77.49364,0,0,0,0,0,3.188038,10.0413628,2.7802743,75.0638119,41.4090313
669,40.85317696,98.4088966,61.97474,3.286036,19.7297,73.12512,0,0,0,0,0,3.047728,10.2539652,2.7151151,78.8037757,48.4654353
670,37.14418023,99.72682415,63.28104,3.668478,17.34412,68.76762,0,0,0,0,0,2.942687,10.4543589,2.6443388,82.3283958,56.1487028
671,33.48834683,100,64.67251,4.141513,15.18378,64.42639,0,0,0,0,0,2.854513,10.6623304,2.5787302,85.1725846,64.0431436
672,30.38139964,99.27706705,66.14812,4.589369,12.80844,60.57752,0,0,0,0,0,2.817136,10.868197,2.5322201,87.4257821,71.7663504
673,27.54223281,98.26914654,67.71198,4.846013,11.30337,56.6125,0,0,0,0,0,2.764232,11.0753265,2.4697572,88.8551005,78.9418837
674,24.58323985,96.88280172,69.33012,5.419683,9.962117,52.79201,0,0,0,0,0,2.709794,11.3807584,2.4072942,89.3621559,85.5187864
675,22.32449298,95.2185336,71.06023,5.671297,8.477527,49.24279,0,0,0,0,0,2.63341,11.7137655,2.3459547,89.271684,91.1034038
676,19.86024557,93.90158557,72.79443,6.743167,7.545818,45.93995,0,0,0,0,0,2.587693,12.1042384,2.3007927,88.0845413,95.2733892
677,17.70976448,90.56712003,74.61381,7.271542,6.706255,43.15812,0,0,0,0,0,2.548974,12.4098808,2.2329373,85.9981837,98.0356286
678,15.4694045,88.43823518,76.40353,7.885464,5.75407,40.49578,0,0,0,0,0,2.488019,12.6546894,2.1817087,83.4942105,99.6653361
679,13.60542672,86.15408667,78.32952,8.997584,5.139756,38.4744,0,0,0,0,0,2.489361,12.8536095,2.1221667,80.5774377,100
680,12.07421442,83.39204568,80.13874,9.591389,4.576636,36.69496,0,0,0,0,0,2.340042,12.9072864,2.0495929,77.4556412,99.4277661
681,10.84389639,80.41713207,82.04328,10.7186,3.931607,34.71545,0,0,0,0,0,2.349626,13.1480955,1.9774684,74.1814529,98.0358582
682,9.756107411,77.08821742,83.94054,11.88607,3.491349,33.21503,0,0,0,0,0,2.238642,13.3966931,1.9300595,70.6874488,96.1412658
683,8.295038365,74.74686226,85.78568,13.33033,3.081806,31.83786,0,0,0,0,0,2.169637,13.5848779,1.8997268,67.3898685,93.8615116
684,7.404896856,70.92333687,87.6932,14.13548,2.63131,30.13176,0,0,0,0,0,2.175388,13.7438035,1.8336689,64.0733682,91.5418181
685,6.544550257,68.30332805,89.25193,16.36978,2.334391,29.08076,0,0,0,0,0,2.080889,13.8791534,1.7792947,60.9096038,89.5340643
686,5.833301487,65.66914132,90.89389,17.1699,2.05795,27.86542,0,0,0,0,0,1.992812,14.0671277,1.7399745,57.9319431,87.8019836
687,5.243478167,61.98572416,92.50188,19.16761,1.750794,27.04234,0,0,0,0,0,2.009488,14.1399598,1.6898693,55.2931221,86.4637872
688,4.726861321,59.29897344,93.98969,20.66733,1.546022,26.16352,0,0,0,0,0,1.933007,14.3131992,1.6424604,52.7292929,85.5568894
689,4.279172768,57.17117436,95.31252,22.2373,1.361728,25.15577,0,0,0,0,0,1.909718,14.3828739,1.5943774,50.4485755,84.7771547
690,3.890821107,53.72091232,96.53867,25.06542,1.156957,24.63897,0,0,0,0,0,1.901476,14.5142244,1.5698866,48.0137462,84.3688097
691,3.613659932,50.95016385,97.59469,27.07335,1.023856,24.10414,0,0,0,0,0,1.797009,14.6171577,1.5355095,46.0047885,84.266207
692,3.206634037,48.86717083,98.48529,29.63979,0.8907546,23.38645,0,0,0,0,0,1.770078,14.8912254,1.5110186,43.8506629,84.4610833
693,2.976715897,46.51677616,99.17282,31.2551,0.7474148,22.95607,0,0,0,0,0,1.759632,15.1629777,1.4788884,41.4956415,84.6272675
694,2.814064693,44.50760815,99.6665,34.05288,0.6655063,22.48316,0,0,0,0,0,1.681426,15.3726332,1.4420398,39.4326758,84.7808273
695,2.523126317,42.67458187,99.95167,36.57908,0.5835978,21.95275,0,0,0,0,0,1.575905,15.4349405,1.4278845,37.456398,84.8685101
696,2.176888926,40.63821174,100,39.70418,0.4914508,21.82195,0,0,0,0,0,1.587981,15.6294402,1.3874409,35.5031682,84.8090602
697,2.000117679,38.99442647,99.8194,42.4919,0.4197809,21.3385,0,0,0,0,0,1.580601,15.8647764,1.380925,33.5478744,84.6022481
698,1.908172057,37.31157997,99.37508,45.59177,0.3685881,21.04601,0,0,0,0,0,1.469522,16.113374,1.3539626,31.5107087,84.2248905
699,1.71211837,35.63958519,98.68139,48.79734,0.3071567,20.49529,0,0,0,0,0,1.485911,16.3087156,1.3355383,29.6513908,83.6889233
700,1.639323224,34.05503801,97.7403,51.88203,0.2662025,20.25478,0,0,0,0,0,1.423231,16.4360666,1.3171139,27.5316652,82.8536408
701,0,33.0263008,96.5357,54.87621,0,19.81298,0,0,0,0,0,1.38547,16.4733247,1.307003,25.7218832,81.896245
702,0,31.79694066,95.12052,59.01772,0,19.40756,0,0,0,0,0,1.346559,16.5543662,1.299139,24.0407571,80.668226
703,0,30.64397294,93.40284,62.47491,0,19.22403,0,0,0,0,0,1.274774,16.5975182,1.2793666,22.2708791,79.2978945
704,0,29.72836257,91.53216,66.58114,0,18.89698,0,0,0,0,0,1.260878,16.6427752,1.2631891,20.4724491,77.7462293
705,0,28.44694508,89.36378,68.24675,0,18.43947,0,0,0,0,0,1.167337,16.6842432,1.2420686,18.6468431,76.0724508
706,0,27.49372322,87.03954,73.32438,0,18.31005,0,0,0,0,0,1.207494,16.7528654,1.2638632,16.940605,74.2359311
707,0,26.92640692,84.5348,74.64783,0,18.06472,0,0,0,0,0,1.106383,16.8183301,1.2622904,15.4407667,72.4416461
708,0,26.25319254,81.88218,79.48371,0,18.14323,0,0,0,0,0,1.117596,17.036616,1.2445401,13.9306084,70.45983
709,0,25.28186376,79.09605,82.73958,0,17.86491,0,0,0,0,0,1.074468,17.0452464,1.247461,12.7634177,68.4366973
710,0,24.93561861,76.13364,85.73374,0,17.59585,0,0,0,0,0,0.9971246,17.1041857,1.2508313,11.4039312,66.3497536
711,0,24.46080587,73.1701,88.14913,0,17.55601,0,0,0,0,0,0.9507378,17.2414301,1.2715025,10.1803246,64.3766598
712,0,24.17566528,70.03304,90.74574,0,17.5547,0,0,0,0,0,0.9599385,17.3906729,1.3065537,9.0664538,62.3048655
713,0,23.64266764,66.9125,92.55234,0,17.3212,0,0,0,0,0,0.9418246,17.6558997,1.324978,8.1985428,60.3101953
714,0,23.55368341,63.65958,94.75649,0,17.29594,0,0,0,0,0,0.8893998,17.972067,1.3539626,7.3567758,58.3348062
715,0,23.26620381,60.49194,96.21087,0,17.18564,0,0,0,0,0,0.8073604,18.31181,1.4018209,6.5672966,56.3926998
716,0,23.08516108,57.28212,97.83113,0,17.05154,0,0,0,0,0,0.7544565,18.7193331,1.4620369,5.8731054,54.4600044
717,0,22.73659488,54.12658,98.1784,0,17.06863,0,0,0,0,0,0.7613569,19.1451696,1.5489907,5.2545941,52.6407
718,0,22.60492403,51.01538,99.22515,0,17.16154,0,0,0,0,0,0.7705576,19.493964,1.637742,0,50.9090784
719,0,22.23102771,48.01387,100,0,17.03126,0,0,0,0,0,0.6822885,19.9814762,1.7127874,0,49.1893927
720,0,22.12920278,45.0411,99.87418,0,16.96218,0,0,0,0,0,0.6574658,20.5178239,1.8523179,0,47.5084986
721,0,22.05421377,42.15545,99.53203,0,16.7969,0,0,0,0,0,0.6651331,20.9617631,2.0037568,0,45.9917229
722,0,21.76059158,39.47933,98.77219,0,16.56565,0,0,0,0,0,0.6391603,21.5484197,2.1527241,0,44.4958351
723,0,21.81077166,36.80506,96.08505,0,16.56164,0,0,0,0,0,0.6464441,22.1258144,2.3731418,0,43.1624589
724,0,21.50303654,34.24891,96.39703,0,16.52716,0,0,0,0,0,0.655549,22.7251008,2.5809771,0,41.9176837
725,0,21.42545801,31.74508,94.00159,0,16.30517,0,0,0,0,0,0,23.3683812,2.7843187,0,40.7149137
726,0,20.97247083,29.47728,92.59257,0,16.04757,0,0,0,0,0,0,24.1495374,3.05237,0,39.6888865
727,0,20.83897505,27.28038,89.14559,0,15.53834,0,0,0,0,0,0,24.9149064,3.3597415,0,38.707619
728,0,20.7672634,25.26911,87.30371,0,15.52613,0,0,0,0,0,0,25.6362813,3.7113763,0,37.862696
729,0,20.35536597,23.30802,85.33618,0,15.38633,0,0,0,0,0,0,26.4031238,4.0969389,0,37.1196871
730,0,20.02534254,21.55442,82.34712,0,14.89344,0,0,0,0,0,0,27.2011198,4.515081,0,36.409961
731,0,19.81206385,19.87255,79.27744,0,14.67212,0,0,0,0,0,0,28.0614232,4.9682742,0,35.8083464
732,0,19.72587126,18.33834,76.22291,0,14.27199,0,0,0,0,0,0,28.9107806,5.4405659,0,35.1840077
733,0,19.24963718,16.91106,73.46024,0,13.9668,0,0,0,0,0,0,29.8133939,6.0110456,0,34.5963949
734,0,18.97281813,15.60066,70.85358,0,13.60568,0,0,0,0,0,0,30.7351626,6.6576942,0,34.0549188
735,0,18.60951532,14.38046,66.68684,0,13.21459,0,0,0,0,0,0,31.7581805,7.3450111,0,33.3947725
736,0,18.25466422,13.26513,65.37344,0,13.20792,0,0,0,0,0,0,32.7904602,8.0862528,0,32.8209319
737,0,17.88970244,12.24503,61.17653,0,12.74028,0,0,0,0,0,0,33.9178849,8.9290529,0,32.1972818
738,0,17.59560407,11.30712,57.72444,0,12.07847,0,0,0,0,0,0,35.0225759,9.8725127,0,31.5366765
739,0,17.25690701,10.45951,55.92296,0,11.52655,0,0,0,0,0,0,36.0510667,10.9505599,0,30.8898433
740,0,16.81961504,9.657059,52.88344,0,11.17646,0,0,0,0,0,0,37.0269332,12.0616361,0,30.283638
741,0,16.36101711,8.929616,51.06679,0,10.87007,0,0,0,0,0,0,38.2339259,13.2493304,0,29.6124739
742,0,15.90847161,8.254302,48.40488,0,10.48002,0,0,0,0,0,0,39.4291307,14.5909352,0,29.0384037
743,0,15.39392254,7.634606,45.34525,0,10.19128,0,0,0,0,0,0,40.5963394,15.9500656,0,28.4232465
744,0,15.03868785,7.074222,42.47178,0,9.737625,0,0,0,0,0,0,41.8165935,17.5091672,0,27.910692
745,0,14.70756829,6.532514,40.71053,0,9.441989,0,0,0,0,0,0,42.8499258,19.2271224,0,27.3448851
746,0,14.29802411,6.083057,37.93287,0,8.882946,0,0,0,0,0,0,44.0053466,20.9446282,0,26.8236083
747,0,13.84368933,5.612975,36.45837,0,8.520109,0,0,0,0,0,0,45.1531896,22.8117754,0,26.3275804
748,0,13.37411531,5.220983,35.71354,0,8.294446,0,0,0,0,0,0,46.130319,24.765427,0,25.8806733
749,0,12.99076433,4.849617,33.11199,0,8.041685,0,0,0,0,0,0,46.979887,26.7579494,0,25.369496
750,0,12.59493293,4.510985,32.04512,0,7.615582,0,0,0,0,0,0,47.7709366,28.9057304,0,25.0029266
751,0,12.00337826,4.182512,30.25864,0,0,0,0,0,0,0,0,48.5567238,31.2853882,0,24.5466085
752,0,11.43719432,3.892213,29.15664,0,0,0,0,0,0,0,0,49.2456822,33.6776284,0,24.1660374
753,0,11.04618299,3.635571,27.92883,0,0,0,0,0,0,0,0,49.9737931,36.1756961,0,23.7106374
754,0,10.80866913,3.376056,26.76121,0,0,0,0,0,0,0,0,50.2948018,38.8319433,0,23.265337
755,0,10.39447995,3.138911,25.2567,0,0,0,0,0,0,0,0,50.5880248,41.4854942,0,22.7791792
756,0,9.872330458,2.921468,23.34441,0,0,0,0,0,0,0,0,50.9393451,44.2853163,0,22.36303
757,0,9.416275566,2.722291,23.0072,0,0,0,0,0,0,0,0,51.0237546,46.9907699,0,21.8849059
758,0,8.912115134,2.530503,21.34159,0,0,0,0,0,0,0,0,51.1569996,49.9746104,0,21.4173405
759,0,8.638709777,2.366215,20.99432,0,0,0,0,0,0,0,0,50.8942987,52.9811443,0,20.933019
760,0,8.050664445,2.214344,20.26466,0,0,0,0,0,0,0,0,50.4293097,56.067442,0,20.5086065
761,0,7.824461115,2.05334,19.68093,0,0,0,0,0,0,0,0,49.812131,59.2811371,0,20.0043153
762,0,7.51553228,1.924967,18.64934,0,0,0,0,0,0,0,0,49.5197499,62.4083278,0,19.5720985
763,0,7.233269336,1.795774,18.09579,0,0,0,0,0,0,0,0,48.9699304,65.5752881,0,19.1630649
764,0,6.997149739,1.671507,17.53729,0,0,0,0,0,0,0,0,48.5190448,68.5162134,0,18.7999385
765,0,6.65512277,1.587362,17.26554,0,0,0,0,0,0,0,0,47.9713302,71.6294735,0,18.3525723
766,0,6.479645918,1.473561,16.38991,0,0,0,0,0,0,0,0,47.276057,74.5101828,0,17.9609834
767,0,6.311260954,1.387261,15.59482,0,0,0,0,0,0,0,0,46.6298296,77.4353801,0,17.5413911
768,0,6.107609518,1.299012,15.25766,0,0,0,0,0,0,0,0,45.8459369,80.3106969,0,17.1523272
769,0,5.922677037,1.240623,14.90036,0,0,0,0,0,0,0,0,44.8997506,83.0974871,0,16.7637223
770,0,5.675292064,1.157505,14.50786,0,0,0,0,0,0,0,0,44.1025965,85.8739417,0,16.3767241
771,0,5.649766817,1.08044,13.76812,0,0,0,0,0,0,0,0,43.1202046,88.3688638,0,15.9789378
772,0,5.525466611,1.026054,13.78826,0,0,0,0,0,0,0,0,42.3213666,90.6274154,0,15.5965303
773,0,5.338684983,0.972694,13.34039,0,0,0,0,0,0,0,0,41.3490786,92.5019772,0,15.2074664
774,0,5.134730397,0.9019918,12.95794,0,0,0,0,0,0,0,0,40.4292044,94.2677907,0,14.8822135
775,0,4.988036885,0.8527363,12.50001,0,0,0,0,0,0,0,0,39.2078979,95.9217101,0,14.5298753
776,0,4.716556297,0.81169,12.35911,0,0,0,0,0,0,0,0,37.9343879,97.3615031,0,14.211738
777,0,4.637326942,0.7777242,12.23329,0,0,0,0,0,0,0,0,36.574153,98.3577643,0,13.8584817
778,0,4.43049714,0.7234405,12.01189,0,0,0,0,0,0,0,0,35.0143665,99.136978,0,13.4783696
779,0,4.330453911,0.7069194,11.85588,0,0,0,0,0,0,0,0,33.4832076,99.7753132,0,13.1446239
780,0,4.27335655,0.6618711,11.34259,0,0,0,0,0,0,0,0,31.8718491,100,0,12.8076647
781,0,4.169583161,0.6475049,11.15138,0,0,0,0,0,0,0,0,30.403629,99.8458649,0,12.4394885
782,0,3.949923745,0.6228771,10.75887,0,0,0,0,0,0,0,0,28.8512098,99.4843438,0,12.085314
783,0,3.847345789,0.5940421,10.74376,0,0,0,0,0,0,0,0,27.1764916,98.8630849,0,11.7095632
784,0,3.713565281,0.5581267,10.18519,0,0,0,0,0,0,0,0,25.5543978,97.9420937,0,11.3496503
785,0,3.588409878,0.5560743,9.983906,0,0,0,0,0,0,0,0,23.8137939,96.9312279,0,10.9856058
786,0,3.589296623,0.5346277,9.868166,0,0,0,0,0,0,0,0,22.3144201,95.7354448,0,10.670682
787,0,3.453612337,0.5110261,9.606493,0,0,0,0,0,0,0,0,21.5989391,94.1574695,0,10.3266072
788,0,3.411932731,0.4905029,9.374997,0,0,0,0,0,0,0,0,20.8041196,92.5352309,0,10.0006657
789,0,3.370016652,0.4811649,9.661849,0,0,0,0,0,0,0,0,20.0908718,90.55956,0,9.6923984
790,0,3.324595256,0.4597182,9.307258,0,0,0,0,0,0,0,0,19.1403749,88.7124099,0,9.3997397
791,0,3.371927137,0,9.122459,0,0,0,0,0,0,0,0,0,86.4379055,0,9.1261325
792,0,3.245939837,0,8.937662,0,0,0,0,0,0,0,0,0,84.101837,0,8.8378349
793,0,3.11268216,0,8.752863,0,0,0,0,0,0,0,0,0,81.6096112,0,8.5529804
794,0,2.927449617,0,8.568065,0,0,0,0,0,0,0,0,0,79.076043,0,8.2993428
795,0,2.89410597,0,8.383266,0,0,0,0,0,0,0,0,0,76.611229,0,7.9988799
796,0,2.824764032,0,8.198468,0,0,0,0,0,0,0,0,0,74.0423849,0,7.7629166
797,0,2.798115531,0,8.01367,0,0,0,0,0,0,0,0,0,71.3569284,0,7.5145583
798,0,2.660827298,0,7.828871,0,0,0,0,0,0,0,0,0,68.6184459,0,7.2521984
799,0,2.615532819,0,7.644073,0,0,0,0,0,0,0,0,0,65.9377078,0,7.0368934
800,0,2.570440825,0,7.459275,0,0,0,0,0,0,0,0,0,63.3416767,0,6.7850921
801,0,0,0,7.274477,0,0,0,0,0,0,0,0,0,60.6674546,0,6.585166
802,0,0,0,7.089678,0,0,0,0,0,0,0,0,0,58.0451351,0,6.3898306
803,0,0,0,6.904881,0,0,0,0,0,0,0,0,0,55.527969,0,6.1919704
804,0,0,0,6.720082,0,0,0,0,0,0,0,0,0,53.1876314,0,6.0214249
805,0,0,0,6.535283,0,0,0,0,0,0,0,0,0,50.9135765,0,5.8299917
806,0,0,0,6.350485,0,0,0,0,0,0,0,0,0,48.6615408,0,5.6445264
807,0,0,0,6.165687,0,0,0,0,0,0,0,0,0,46.6303723,0,5.4604383
808,0,0,0,5.980889,0,0,0,0,0,0,0,0,0,44.5432567,0,5.2933359
809,0,0,0,5.79609,0,0,0,0,0,0,0,0,0,42.6570111,0,5.13289
810,0,0,0,5.611292,0,0,0,0,0,0,0,0,0,40.7458253,0,5.0015953
811,0,0,0,5.426494,0,0,0,0,0,0,0,0,0,38.9631603,0,4.866628
812,0,0,0,5.241695,0,0,0,0,0,0,0,0,0,37.3045225,0,4.7295948
813,0,0,0,5.056897,0,0,0,0,0,0,0,0,0,35.7117179,0,4.591414
814,0,0,0,4.872099,0,0,0,0,0,0,0,0,0,34.258219,0,4.4777935
815,0,0,0,4.6873,0,0,0,0,0,0,0,0,0,32.8763953,0,4.3687638
816,0,0,0,4.502502,0,0,0,0,0,0,0,0,0,31.5419805,0,4.293935
817,0,0,0,4.317704,0,0,0,0,0,0,0,0,0,30.1972301,0,4.1791668
818,0,0,0,4.132906,0,0,0,0,0,0,0,0,0,29.0079629,0,4.0843684
819,0,0,0,3.948107,0,0,0,0,0,0,0,0,0,27.8366707,0,3.9663867
820,0,0,0,3.763309,0,0,0,0,0,0,0,0,0,26.6984074,0,3.8598819
821,0,0,0,3.578511,0,0,0,0,0,0,0,0,0,25.6102493,0,3.7437365
822,0,0,0,3.393713,0,0,0,0,0,0,0,0,0,24.4513149,0,3.6572014
823,0,0,0,3.341391,0,0,0,0,0,0,0,0,0,23.4564018,0,3.5612552
824,0,0,0,3.240739,0,0,0,0,0,0,0,0,0,22.5486672,0,3.4696702
825,0,0,0,2.908623,0,0,0,0,0,0,0,0,0,21.7734977,0,3.3725764
826,0,0,0,2.979067,0,0,0,0,0,0,0,0,0,21.050905,0,3.309913
827,0,0,0,2.672097,0,0,0,0,0,0,0,0,0,20.3247173,0,3.2369204
828,0,0,0,2.495972,0,0,0,0,0,0,0,0,0,19.6468373,0,3.1568123
829,0,0,0,2.591595,0,0,0,0,0,0,0,0,0,18.9961444,0,3.0904763
830,0,0,0,2.199078,0,0,0,0,0,0,0,0,0,18.4553233,0,3.0245994
831,0,0,0,2.128618,0,0,0,0,0,0,0,0,0,17.8610267,0,2.9408187
832,0,0,0,2.183974,0,0,0,0,0,0,0,0,0,17.5239965,0,2.8859595
833,0,0,0,2.078309,0,0,0,0,0,0,0,0,0,17.1301206,0,2.8216893
834,0,0,0,1.912243,0,0,0,0,0,0,0,0,0,16.7227635,0,2.7647643
835,0,0,0,1.836754,0,0,0,0,0,0,0,0,0,16.3987651,0,2.7014123
836,0,0,0,1.721013,0,0,0,0,0,0,0,0,0,16.1630687,0,2.6440283
837,0,0,0,1.509662,0,0,0,0,0,0,0,0,0,15.8568206,0,2.5753969
838,0,0,0,1.519727,0,0,0,0,0,0,0,0,0,15.4609225,0,2.5088314
839,0,0,0,1.499598,0,0,0,0,0,0,0,0,0,15.1398451,0,2.4636128
840,0,0,0,1.429147,0,0,0,0,0,0,0,0,0,14.8023655,0,2.4154101
841,0,0,0,1.434179,0,0,0,0,0,0,0,0,0,14.6053152,0,2.3807502
842,0,0,0,1.414051,0,0,0,0,0,0,0,0,0,14.4356767,0,2.3256615
843,0,0,0,1.212763,0,0,0,0,0,0,0,0,0,13.9438373,0,2.2758521
844,0,0,0,1.061796,0,0,0,0,0,0,0,0,0,13.6171427,0,2.240733
845,0,0,0,1.11715,0,0,0,0,0,0,0,0,0,13.4165536,0,2.2072208
846,0,0,0,1.11715,0,0,0,0,0,0,0,0,0,13.2711046,0,2.1902351
847,0,0,0,0.805153,0,0,0,0,0,0,0,0,0,13.1266514,0,2.1760899
848,0,0,0,1.016506,0,0,0,0,0,0,0,0,0,12.9614567,0,2.1682324
849,0,0,0,0.8907007,0,0,0,0,0,0,0,0,0,12.7648215,0,2.1698063
850,0,0,0,0.9208947,0,0,0,0,0,0,0,0,0,12.6484538,0,2.1286275
851,0,0,0,0,0,0,0,0,0,0,0,0,0,0,0,0
852,0,0,0,0,0,0,0,0,0,0,0,0,0,0,0,0
853,0,0,0,0,0,0,0,0,0,0,0,0,0,0,0,0
854,0,0,0,0,0,0,0,0,0,0,0,0,0,0,0,0
855,0,0,0,0,0,0,0,0,0,0,0,0,0,0,0,0
856,0,0,0,0,0,0,0,0,0,0,0,0,0,0,0,0
857,0,0,0,0,0,0,0,0,0,0,0,0,0,0,0,0
858,0,0,0,0,0,0,0,0,0,0,0,0,0,0,0,0
859,0,0,0,0,0,0,0,0,0,0,0,0,0,0,0,0
860,0,0,0,0,0,0,0,0,0,0,0,0,0,0,0,0
861,0,0,0,0,0,0,0,0,0,0,0,0,0,0,0,0
862,0,0,0,0,0,0,0,0,0,0,0,0,0,0,0,0
863,0,0,0,0,0,0,0,0,0,0,0,0,0,0,0,0
864,0,0,0,0,0,0,0,0,0,0,0,0,0,0,0,0
865,0,0,0,0,0,0,0,0,0,0,0,0,0,0,0,0
866,0,0,0,0,0,0,0,0,0,0,0,0,0,0,0,0
867,0,0,0,0,0,0,0,0,0,0,0,0,0,0,0,0
868,0,0,0,0,0,0,0,0,0,0,0,0,0,0,0,0
869,0,0,0,0,0,0,0,0,0,0,0,0,0,0,0,0
870,0,0,0,0,0,0,0,0,0,0,0,0,0,0,0,0
871,0,0,0,0,0,0,0,0,0,0,0,0,0,0,0,0
872,0,0,0,0,0,0,0,0,0,0,0,0,0,0,0,0
873,0,0,0,0,0,0,0,0,0,0,0,0,0,0,0,0
874,0,0,0,0,0,0,0,0,0,0,0,0,0,0,0,0
875,0,0,0,0,0,0,0,0,0,0,0,0,0,0,0,0
876,0,0,0,0,0,0,0,0,0,0,0,0,0,0,0,0
877,0,0,0,0,0,0,0,0,0,0,0,0,0,0,0,0
878,0,0,0,0,0,0,0,0,0,0,0,0,0,0,0,0
879,0,0,0,0,0,0,0,0,0,0,0,0,0,0,0,0
880,0,0,0,0,0,0,0,0,0,0,0,0,0,0,0,0
881,0,0,0,0,0,0,0,0,0,0,0,0,0,0,0,0
882,0,0,0,0,0,0,0,0,0,0,0,0,0,0,0,0
883,0,0,0,0,0,0,0,0,0,0,0,0,0,0,0,0
884,0,0,0,0,0,0,0,0,0,0,0,0,0,0,0,0
885,0,0,0,0,0,0,0,0,0,0,0,0,0,0,0,0
886,0,0,0,0,0,0,0,0,0,0,0,0,0,0,0,0
887,0,0,0,0,0,0,0,0,0,0,0,0,0,0,0,0
888,0,0,0,0,0,0,0,0,0,0,0,0,0,0,0,0
889,0,0,0,0,0,0,0,0,0,0,0,0,0,0,0,0
890,0,0,0,0,0,0,0,0,0,0,0,0,0,0,0,0
891,0,0,0,0,0,0,0,0,0,0,0,0,0,0,0,0
892,0,0,0,0,0,0,0,0,0,0,0,0,0,0,0,0
893,0,0,0,0,0,0,0,0,0,0,0,0,0,0,0,0
894,0,0,0,0,0,0,0,0,0,0,0,0,0,0,0,0
895,0,0,0,0,0,0,0,0,0,0,0,0,0,0,0,0
896,0,0,0,0,0,0,0,0,0,0,0,0,0,0,0,0
897,0,0,0,0,0,0,0,0,0,0,0,0,0,0,0,0
898,0,0,0,0,0,0,0,0,0,0,0,0,0,0,0,0
899,0,0,0,0,0,0,0,0,0,0,0,0,0,0,0,0
900,0,0,0,0,0,0,0,0,0,0,0,0,0,0,0,0
901,0,0,0,0,0,0,0,0,0,0,0,0,0,0,0,0
902,0,0,0,0,0,0,0,0,0,0,0,0,0,0,0,0
903,0,0,0,0,0,0,0,0,0,0,0,0,0,0,0,0
904,0,0,0,0,0,0,0,0,0,0,0,0,0,0,0,0
905,0,0,0,0,0,0,0,0,0,0,0,0,0,0,0,0
906,0,0,0,0,0,0,0,0,0,0,0,0,0,0,0,0
907,0,0,0,0,0,0,0,0,0,0,0,0,0,0,0,0
908,0,0,0,0,0,0,0,0,0,0,0,0,0,0,0,0
909,0,0,0,0,0,0,0,0,0,0,0,0,0,0,0,0
910,0,0,0,0,0,0,0,0,0,0,0,0,0,0,0,0
911,0,0,0,0,0,0,0,0,0,0,0,0,0,0,0,0
912,0,0,0,0,0,0,0,0,0,0,0,0,0,0,0,0
913,0,0,0,0,0,0,0,0,0,0,0,0,0,0,0,0
914,0,0,0,0,0,0,0,0,0,0,0,0,0,0,0,0
915,0,0,0,0,0,0,0,0,0,0,0,0,0,0,0,0
916,0,0,0,0,0,0,0,0,0,0,0,0,0,0,0,0
917,0,0,0,0,0,0,0,0,0,0,0,0,0,0,0,0
918,0,0,0,0,0,0,0,0,0,0,0,0,0,0,0,0
919,0,0,0,0,0,0,0,0,0,0,0,0,0,0,0,0
920,0,0,0,0,0,0,0,0,0,0,0,0,0,0,0,0
921,0,0,0,0,0,0,0,0,0,0,0,0,0,0,0,0
922,0,0,0,0,0,0,0,0,0,0,0,0,0,0,0,0
923,0,0,0,0,0,0,0,0,0,0,0,0,0,0,0,0
924,0,0,0,0,0,0,0,0,0,0,0,0,0,0,0,0
925,0,0,0,0,0,0,0,0,0,0,0,0,0,0,0,0
926,0,0,0,0,0,0,0,0,0,0,0,0,0,0,0,0
927,0,0,0,0,0,0,0,0,0,0,0,0,0,0,0,0
928,0,0,0,0,0,0,0,0,0,0,0,0,0,0,0,0
929,0,0,0,0,0,0,0,0,0,0,0,0,0,0,0,0
930,0,0,0,0,0,0,0,0,0,0,0,0,0,0,0,0
931,0,0,0,0,0,0,0,0,0,0,0,0,0,0,0,0
932,0,0,0,0,0,0,0,0,0,0,0,0,0,0,0,0
933,0,0,0,0,0,0,0,0,0,0,0,0,0,0,0,0
934,0,0,0,0,0,0,0,0,0,0,0,0,0,0,0,0
935,0,0,0,0,0,0,0,0,0,0,0,0,0,0,0,0
936,0,0,0,0,0,0,0,0,0,0,0,0,0,0,0,0
937,0,0,0,0,0,0,0,0,0,0,0,0,0,0,0,0
938,0,0,0,0,0,0,0,0,0,0,0,0,0,0,0,0
939,0,0,0,0,0,0,0,0,0,0,0,0,0,0,0,0
940,0,0,0,0,0,0,0,0,0,0,0,0,0,0,0,0
941,0,0,0,0,0,0,0,0,0,0,0,0,0,0,0,0
942,0,0,0,0,0,0,0,0,0,0,0,0,0,0,0,0
943,0,0,0,0,0,0,0,0,0,0,0,0,0,0,0,0
944,0,0,0,0,0,0,0,0,0,0,0,0,0,0,0,0
945,0,0,0,0,0,0,0,0,0,0,0,0,0,0,0,0
946,0,0,0,0,0,0,0,0,0,0,0,0,0,0,0,0
947,0,0,0,0,0,0,0,0,0,0,0,0,0,0,0,0
948,0,0,0,0,0,0,0,0,0,0,0,0,0,0,0,0
949,0,0,0,0,0,0,0,0,0,0,0,0,0,0,0,0
950,0,0,0,0,0,0,0,0,0,0,0,0,0,0,0,0
951,0,0,0,0,0,0,0,0,0,0,0,0,0,0,0,0
952,0,0,0,0,0,0,0,0,0,0,0,0,0,0,0,0
953,0,0,0,0,0,0,0,0,0,0,0,0,0,0,0,0
954,0,0,0,0,0,0,0,0,0,0,0,0,0,0,0,0
955,0,0,0,0,0,0,0,0,0,0,0,0,0,0,0,0
956,0,0,0,0,0,0,0,0,0,0,0,0,0,0,0,0
957,0,0,0,0,0,0,0,0,0,0,0,0,0,0,0,0
958,0,0,0,0,0,0,0,0,0,0,0,0,0,0,0,0
959,0,0,0,0,0,0,0,0,0,0,0,0,0,0,0,0
960,0,0,0,0,0,0,0,0,0,0,0,0,0,0,0,0
961,0,0,0,0,0,0,0,0,0,0,0,0,0,0,0,0
962,0,0,0,0,0,0,0,0,0,0,0,0,0,0,0,0
963,0,0,0,0,0,0,0,0,0,0,0,0,0,0,0,0
964,0,0,0,0,0,0,0,0,0,0,0,0,0,0,0,0
965,0,0,0,0,0,0,0,0,0,0,0,0,0,0,0,0
966,0,0,0,0,0,0,0,0,0,0,0,0,0,0,0,0
967,0,0,0,0,0,0,0,0,0,0,0,0,0,0,0,0
968,0,0,0,0,0,0,0,0,0,0,0,0,0,0,0,0
969,0,0,0,0,0,0,0,0,0,0,0,0,0,0,0,0
970,0,0,0,0,0,0,0,0,0,0,0,0,0,0,0,0
971,0,0,0,0,0,0,0,0,0,0,0,0,0,0,0,0
972,0,0,0,0,0,0,0,0,0,0,0,0,0,0,0,0
973,0,0,0,0,0,0,0,0,0,0,0,0,0,0,0,0
974,0,0,0,0,0,0,0,0,0,0,0,0,0,0,0,0
975,0,0,0,0,0,0,0,0,0,0,0,0,0,0,0,0
976,0,0,0,0,0,0,0,0,0,0,0,0,0,0,0,0
977,0,0,0,0,0,0,0,0,0,0,0,0,0,0,0,0
978,0,0,0,0,0,0,0,0,0,0,0,0,0,0,0,0
979,0,0,0,0,0,0,0,0,0,0,0,0,0,0,0,0
980,0,0,0,0,0,0,0,0,0,0,0,0,0,0,0,0
981,0,0,0,0,0,0,0,0,0,0,0,0,0,0,0,0
982,0,0,0,0,0,0,0,0,0,0,0,0,0,0,0,0
983,0,0,0,0,0,0,0,0,0,0,0,0,0,0,0,0
984,0,0,0,0,0,0,0,0,0,0,0,0,0,0,0,0
985,0,0,0,0,0,0,0,0,0,0,0,0,0,0,0,0
986,0,0,0,0,0,0,0,0,0,0,0,0,0,0,0,0
987,0,0,0,0,0,0,0,0,0,0,0,0,0,0,0,0
988,0,0,0,0,0,0,0,0,0,0,0,0,0,0,0,0
989,0,0,0,0,0,0,0,0,0,0,0,0,0,0,0,0
990,0,0,0,0,0,0,0,0,0,0,0,0,0,0,0,0
991,0,0,0,0,0,0,0,0,0,0,0,0,0,0,0,0
992,0,0,0,0,0,0,0,0,0,0,0,0,0,0,0,0
993,0,0,0,0,0,0,0,0,0,0,0,0,0,0,0,0
994,0,0,0,0,0,0,0,0,0,0,0,0,0,0,0,0
995,0,0,0,0,0,0,0,0,0,0,0,0,0,0,0,0
996,0,0,0,0,0,0,0,0,0,0,0,0,0,0,0,0
997,0,0,0,0,0,0,0,0,0,0,0,0,0,0,0,0
998,0,0,0,0,0,0,0,0,0,0,0,0,0,0,0,0
999,0,0,0,0,0,0,0,0,0,0,0,0,0,0,0,0
,,,,,,,,,,,,,,,,
,,,,,,,,,,,,,,,,
,,,,,,,,,,,,,,,,
,,,,,,,,,,,,,,,,
,,,,,,,,,,,,,,,,
,,,,,,,,,,,,,,,,
,,,,,,,,,,,,,,,,
,,,,,,,,,,,,,,,,
,,,,,,,,,,,,,,,,
,,,,,,,,,,,,,,,,
,,,,,,,,,,,,,,,,
,,,,,,,,,,,,,,,,
,,,,,,,,,,,,,,,,
,,,,,,,,,,,,,,,,
,,,,,,,,,,,,,,,,
,,,,,,,,,,,,,,,,
,,,,,,,,,,,,,,,,
,,,,,,,,,,,,,,,,
,,,,,,,,,,,,,,,,
,,,,,,,,,,,,,,,,
,,,,,,,,,,,,,,,,
,,,,,,,,,,,,,,,,
,,,,,,,,,,,,,,,,
,,,,,,,,,,,,,,,,
,,,,,,,,,,,,,,,,
,,,,,,,,,,,,,,,,
,,,,,,,,,,,,,,,,
,,,,,,,,,,,,,,,,
,,,,,,,,,,,,,,,,
,,,,,,,,,,,,,,,,
,,,,,,,,,,,,,,,,
,,,,,,,,,,,,,,,,
,,,,,,,,,,,,,,,,
,,,,,,,,,,,,,,,,
,,,,,,,,,,,,,,,,
,,,,,,,,,,,,,,,,
,,,,,,,,,,,,,,,,
,,,,,,,,,,,,,,,,
,,,,,,,,,,,,,,,,
,,,,,,,,,,,,,,,,
,,,,,,,,,,,,,,,,
,,,,,,,,,,,,,,,,
,,,,,,,,,,,,,,,,
,,,,,,,,,,,,,,,,
,,,,,,,,,,,,,,,,
,,,,,,,,,,,,,,,,
,,,,,,,,,,,,,,,,
,,,,,,,,,,,,,,,,
,,,,,,,,,,,,,,,,
,,,,,,,,,,,,,,,,
,,,,,,,,,,,,,,,,
,,,,,,,,,,,,,,,,
,,,,,,,,,,,,,,,,
,,,,,,,,,,,,,,,,
,,,,,,,,,,,,,,,,
