Wavelength,Alexa647,Alexa700,APC ,FITC,PacificBlue,PE,PE_Cy7,Percp_Cy5_5,BV510,PE_Dazzle,BV605,APC_Cy7
300,0,0,0,0,0,0,0,0,0,0,0,0
301,0,0,0,0,0,0,0,0,0,0,0,0
302,0,0,0,0,0,0,0,0,0,0,0,0
303,0,0,0,0,0,0,0,0,0,0,0,0
304,0,0,0,0,0,0,0,0,0,0,0,0
305,0,0,0,0,0,0,0,0,0,0,0,0
306,0,0,0,0,0,0,0,0,0,0,0,0
307,0,0,0,0,0,0,0,0,0,0,0,0
308,0,0,0,0,0,0,0,0,0,0,0,0
309,0,0,0,0,0,0,0,0,0,0,0,0
310,0,0,0,0,0,0,0,0,0,0,0,0
311,0,0,0,0,0,0,0,0,0,0,0,0
312,0,0,0,0,0,0,0,0,0,0,0,0
313,0,0,0,0,0,0,0,0,0,0,0,0
314,0,0,0,0,0,0,0,0,0,0,0,0
315,0,0,0,0,0,0,0,0,0,0,0,0
316,0,0,0,0,0,0,0,0,0,0,0,0
317,0,0,0,0,0,0,0,0,0,0,0,0
318,0,0,0,0,0,0,0,0,0,0,0,0
319,0,0,0,0,0,0,0,0,0,0,0,0
320,0,0,0,0,0,0,0,0,0,0,0,0
321,0,0,0,0,0,0,0,0,0,0,0,0
322,0,0,0,0,0,0,0,0,0,0,0,0
323,0,0,0,0,0,0,0,0,0,0,0,0
324,0,0,0,0,0,0,0,0,0,0,0,0
325,0,0,0,0,0,0,0,0,0,0,0,0
326,0,0,0,0,0,0,0,0,0,0,0,0
327,0,0,0,0,0,0,0,0,0,0,0,0
328,0,0,0,0,0,0,0,0,0,0,0,0
329,0,0,0,0,0,0,0,0,0,0,0,0
330,0,0,0,0,0,0,0,0,0,0,0,0
331,0,0,0,0,0,0,0,0,0,0,0,0
332,0,0,0,0,0,0,0,0,0,0,0,0
333,0,0,0,0,0,0,0,0,0,0,0,0
334,0,0,0,0,0,0,0,0,0,0,0,0
335,0,0,0,0,0,0,0,0,0,0,0,0
336,0,0,0,0,0,0,0,0,0,0,0,0
337,0,0,0,0,0,0,0,0,0,0,0,0
338,0,0,0,0,0,0,0,0,0,0,0,0
339,0,0,0,0,0,0,0,0,0,0,0,0
340,0,0,0,0,0,0,0,0,0,0,0,0
341,0,0,0,0,0,0,0,0,0,0,0,0
342,0,0,0,0,0,0,0,0,0,0,0,0
343,0,0,0,0,0,0,0,0,0,0,0,0
344,0,0,0,0,0,0,0,0,0,0,0,0
345,0,0,0,0,0,0,0,0,0,0,0,0
346,0,0,0,0,0,0,0,0,0,0,0,0
347,0,0,0,0,0,0,0,0,0,0,0,0
348,0,0,0,0,0,0,0,0,0,0,0,0
349,0,0,0,0,0,0,0,0,0,0,0,0
350,0,0,0,0,0,0,0,0,0,0,0,0
351,0,0,0,0,0,0,0,0,0,0,0,0
352,0,0,0,0,0,0,0,0,0,0,0,0
353,0,0,0,0,0,0,0,0,0,0,0,0
354,0,0,0,0,0,0,0,0,0,0,0,0
355,0,0,0,0,0,0,0,0,0,0,0,0
356,0,0,0,0,0,0,0,0,0,0,0,0
357,0,0,0,0,0,0,0,0,0,0,0,0
358,0,0,0,0,0,0,0,0,0,0,0,0
359,0,0,0,0,0,0,0,0,0,0,0,0
360,0,0,0,0,0,0,0,0,0,0,0,0
361,0,0,0,0,0,0,0,0,0,0,0,0
362,0,0,0,0,0,0,0,0,0,0,0,0
363,0,0,0,0,0,0,0,0,0,0,0,0
364,0,0,0,0,0,0,0,0,0,0,0,0
365,0,0,0,0,0,0,0,0,0,0,0,0
366,0,0,0,0,0,0,0,0,0,0,0,0
367,0,0,0,0,0,0,0,0,0,0,0,0
368,0,0,0,0,0,0,0,0,0,0,0,0
369,0,0,0,0,0,0,0,0,0,0,0,0
370,0,0,0,0,0,0,0,0,0,0,0,0
371,0,0,0,0,0,0,0,0,0,0,0,0
372,0,0,0,0,0,0,0,0,0,0,0,0
373,0,0,0,0,0,0,0,0,0,0,0,0
374,0,0,0,0,0,0,0,0,0,0,0,0
375,0,0,0,0,0,0,0,0,0,0,0,0
376,0,0,0,0,0,0,0,0,0,0,0,0
377,0,0,0,0,0,0,0,0,0,0,0,0
378,0,0,0,0,0,0,0,0,0,0,0,0
379,0,0,0,0,0,0,0,0,0,0,0,0
380,0,0,0,0,0,0,0,0,0,0,0,0
381,0,0,0,0,0,0,0,0,0,0,0,0
382,0,0,0,0,0,0,0,0,0,0,0,0
383,0,0,0,0,0,0,0,0,0,0,0,0
384,0,0,0,0,0,0,0,0,0,0,0,0
385,0,0,0,0,0,0,0,0,0,0,0,0
386,0,0,0,0,0,0,0,0,0,0,0,0
387,0,0,0,0,0,0,0,0,0,0,0,0
388,0,0,0,0,0,0,0,0,0,0,0,0
389,0,0,0,0,0,0,0,0,0,0,0,0
390,0,0,0,0,0,0,0,0,0,0,0,0
391,0,0,0,0,0,0,0,0,0,0,0,0
392,0,0,0,0,0,0,0,0,0,0,0,0
393,0,0,0,0,0,0,0,0,0,0,0,0
394,0,0,0,0,0,0,0,0,0,0,0,0
395,0,0,0,0,0,0,0,0,0,0,0,0
396,0,0,0,0,0,0,0,0,0,0,0,0
397,0,0,0,0,0,0,0,0,0,0,0,0
398,0,0,0,0,0,0,0,0,0,0,0,0
399,0,0,0,0,0,0,0,0,0,0,0,0
400,0,0,0,0,0,0,0,0,0,0,0,0
401,0,0,0,0,0,0,0,0,0,0,0,0
402,0,0,0,0,0,0,0,0,0,0,0,0
403,0,0,0,0,0,0,0,0,0,0,0,0
404,0,0,0,0,0,0,0,0,0,0,0,0
405,0,0,0,0,0,0,0,0,0,0,0,0
406,0,0,0,0,0,0,0,0,0,0,0,0
407,0,0,0,0,0,0,0,0,0,0,0,0
408,0,0,0,0,0,0,0,0,0,0,0,0
409,0,0,0,0,0,0,0,0,0,0,0,0
410,0,0,0,0,2.38872,0,0,0,0,0,0,0
411,0,0,0,0,1.70243,0,0,0,0,0,1.42,0
412,0,0,0,0,1.179118,0,0,0,0,0.127,6.106,0
413,0,0,0,0,1.135669,0,0,0,0,0.278,7.478,0
414,0,0,0,0,1.354881,0,0,0,0,0.429,7.96,0
415,0,0,0,0,1.671688,0,0,0,0,0.579,8.052,0
416,0,0,0,0,2.066981,0,0,0,0,0.729,7.992,0
417,0,0,0,0,2.537917,0,0,0,0,0.878,7.95,0
418,0,0,0,0,3.127764,0,0,0,0,1.027,8.104,0
419,0,0,0,0,3.813338,0,0,0,0.033,1.176,8.724,0
420,0,0,0,0,4.62184,0,0,0,0.342,1.324,10.28,0
421,0,0,0,0,5.536488,0,0,0,0.648,1.471,12.626,0
422,0,0,0,0,6.646884,0,0,0,0.952,1.618,14.208,0
423,0,0,0,0,7.933599,0,0,0,1.255,1.765,14.202,0
424,0,0,0,0,9.441236,0,0,0,1.559,1.911,13.362,0
425,0,0,0,0,11.196,0,0,0,1.864,2.057,11.61,0
426,0,0,0,0,13.2127,0,0,0,2.173,2.202,10.026,0
427,0,0,0,0,15.44021,0,0,0,2.487,2.347,9.102,0
428,0,0,0,0,17.91557,0,0,0,2.806,2.491,8.494,0
429,0,0,0,0,20.71553,0,0,0,3.133,2.635,8.026,0
430,0,0,0,0,23.61734,0,0,0,3.469,2.778,7.616,0
431,0,0,0,0,26.83252,0,0,0,3.815,2.921,7.232,0
432,0,0,0,0,30.35657,0,0,0,4.172,3.063,6.842,0
433,0,0,0,0,34.00488,0,0,0,4.542,3.205,6.39,0
434,0,0,0,0,37.88352,0,0,0,4.927,3.346,5.582,0
435,0,0,0,0,41.85286,0,0,0,5.327,3.486,4.564,0
436,0,0,0,0,45.77618,0,0,0,5.745,3.626,4.378,0
437,0,0,0,0,49.89843,0,0,0,6.182,3.765,4.324,0
438,0,0,0,0,54.30722,0,0,0,6.639,3.904,4.316,0
439,0,0,0,0,58.82051,0,0,0,7.118,4.042,4.33,0
440,0,0,0,0,63.11265,0,0,0,7.62,4.179,4.358,0
441,0,0,0,0,67.26855,0,0,0,8.148,4.316,4.392,0
442,0,0,0,0,71.66388,0,0,0,8.703,4.452,4.428,0
443,0,0,0,0,75.53461,0,0,0,9.287,4.587,4.454,0
444,0,0,0,0,79.04046,0,0,0,9.902,4.722,4.452,0
445,0,0,0,0,82.53208,0,0,0,10.548,4.856,4.422,0
446,0,0,0,0,85.71332,0,0,0,11.23,4.989,4.58,0
447,0,0,0,0,88.7935,0,0,0,11.947,5.122,4.598,0
448,0,0,0,0,91.49166,0,0,0,12.703,5.254,4.514,0
449,0,0,0,0,93.48002,0,0,0,13.5,5.385,4.374,0
450,0,0,0,0,95.01439,0,0,0,14.34,5.515,4.206,0
451,0,0,0,0,96.45779,0,0,0,15.225,5.645,4.016,0
452,0,0,0,0,97.73399,0,0,0,16.157,5.774,3.81,0
453,0,0,0,0,98.69891,0,0,0,17.14,5.902,3.588,0
454,0,0,0,0,99.47516,0,0,0,18.176,6.029,3.346,0
455,0,0,0,0,100,0,0,0,19.267,6.155,3.074,0
456,0,0,0,0,99.58424,0,0,0,20.417,6.28,2.734,0
457,0,0,0,0,99.35834,0,0,0,21.628,6.405,2.272,0
458,0,0,0,0,98.64607,0,0,0,22.905,6.528,2.15,0
459,0,0,0,0,97.80166,0,0,0,24.25,6.651,2.088,0
460,0,0,0,0,97.06574,0,0,0,25.667,6.772,2.044,0
461,0,0,0,0,95.90404,0,0,0,27.159,6.893,2.012,0
462,0,0,0,0,94.43401,0,0,0,28.728,7.012,1.984,0
463,0,0,0,0,92.81658,0,0,0,30.369,7.131,1.96,0
464,0,0,0,0,91.29401,0,0,0,32.08,7.248,1.94,0
465,0,0,0,0,89.83582,0,0,0,33.856,7.364,1.92,0
466,0,0,0,0,88.22964,0,0,0,35.693,7.48,1.902,0
467,0,0,0,0,85.88976,0,0,0,37.588,7.594,1.886,0
468,0,0,0,0,83.76234,0,0,0,39.536,7.706,1.872,0
469,0,0,0,0,81.70553,0,0,0,41.532,7.818,1.856,0
470,0,0,0,0,80.14175,0,0,0,43.57,7.928,1.842,0
471,0,0,0,0,78.47677,0,0,0,45.646,8.037,1.83,0
472,0,0,0,0,76.66189,0,0,0,47.754,8.145,1.816,0
473,0,0,0,0,74.67384,0,0,0,49.889,8.251,1.804,0
474,0,0,0,0,72.94648,0,0,0,52.044,8.356,1.792,0
475,0,0,0,0,71.20712,0,0,0,54.214,8.46,1.78,0
476,0,0,0,0,69.56596,0,0,0,56.391,8.562,1.768,0
477,0,0,0,0,67.88657,0,0,0,58.571,8.662,1.758,0
478,0,0,0,0,66.1512,0,0,0,60.746,8.761,1.746,0
479,0,0,0,0,64.3349,0,0,0,62.911,8.858,1.736,0
480,0,0,0,0,62.4074,0,0,0,65.058,8.953,1.724,0
481,0,0,0,0,60.375,0,0,0,67.181,9.047,1.714,0
482,0,0,0,0,58.69549,0,0,0,69.274,9.139,1.704,0
483,0,0,0,0,57.02758,0,0,0,71.331,9.229,1.694,0
484,0,0,0,0,55.30087,0,0,0,73.345,9.317,1.684,0
485,0,0,0,3.788147,53.62544,0,0,0,75.311,9.403,1.674,0
486,0,0,0,3.92743,52.04012,0,0,0,77.222,9.486,1.664,0
487,0,0,0,4.321754,50.59781,0,0,0,79.073,9.568,1.656,0
488,0,0,0,5.197451,49.27477,0,0,0,80.858,9.647,1.646,0
489,0,0,0,6.337994,47.8256,0,0,0,82.573,9.724,1.638,0
490,0,0,0,7.697946,46.25397,0,0,0,84.211,9.799,1.63,0
491,0,0,0,9.391582,44.79634,0,0,0,85.769,9.871,1.62,0
492,0,0,0,11.31525,43.26833,0,0,0,87.242,9.94,1.612,0
493,0,0,0,13.41405,41.86204,0,0,0,88.627,10.007,1.604,0
494,0,0,0,15.9199,40.64304,0,0,0,89.918,10.071,1.596,0
495,0,0,0,19.0153,39.53817,0,0,0,91.12,10.131,1.588,0
496,0,0,0,22.55203,38.20118,0,0,0,92.233,10.189,1.582,0
497,0,0,0,26.3913,36.9749,0,0,0,93.259,10.243,1.574,0
498,0,0,0,30.43206,35.75102,0,0,0,94.202,10.294,1.566,0
499,0,0,0,34.79373,34.53493,0,0,0,95.064,10.342,1.56,0
500,0,0,0,39.86677,33.29013,0,0,0,95.846,10.385,1.554,0
501,0,0,0,45.06802,32.08385,0,0,0,96.551,10.425,1.546,0
502,0,0,0,50.09026,30.90874,0,0,0,97.181,10.46,1.54,0
503,0,0,0,55.08746,29.68185,0,0,0,97.738,10.492,1.534,0
504,0,0,0,60.14661,28.58351,0,0,0,98.223,10.518,1.528,0
505,0,0,0,65.46947,27.25907,0,0,0,98.639,10.54,1.522,0
506,0,0,0,70.73576,26.27039,0,0,0,98.988,10.557,1.518,0
507,0,0,0,75.33575,25.24582,0,0,0,99.271,10.568,1.512,0
508,0,0,0,79.72852,24.25435,0,0,0,99.49,10.574,1.508,0
509,0,0,0,83.72952,23.35708,0,0,0,99.647,10.574,1.502,0
510,0,0,0,87.4406,22.48179,0,0,0,99.743,10.568,1.498,0
511,0,0,0,90.93436,21.62568,0,0,0,99.78,10.555,1.494,0
512,0,0,0,93.58064,20.81867,0,0,0,99.761,10.535,1.49,0
513,0,0,0,95.84365,20.08289,0,0,0,99.685,10.508,1.486,0
514,0,0,0,97.5192,19.18099,0,0,0,99.555,10.473,1.482,0
515,0,0,0,98.93476,18.46791,0,0,0,99.373,10.429,1.48,0
516,0,0,0,99.76164,17.75225,0,0,0,99.139,10.378,1.476,0
517,0,0,0,100,17.014,0,0,0,98.855,10.317,1.474,0
518,0,0,0,99.57642,16.46043,0,0,0,98.523,10.247,1.472,0
519,0,0,0,99.10033,15.81343,0,0,0,98.143,10.167,1.47,0
520,0,0,0,98.40125,15.14406,0,0,0.0268557,97.718,10.077,1.468,0
521,0,0,0,97.18201,14.56686,0,0,0.0268557,97.248,9.977,1.466,0
522,0,0,0,95.39993,14.05811,0,0.6529897,0.0265606,96.734,9.866,1.464,0
523,0,0,0,93.58913,13.54392,0,0.651367,0.0265975,96.179,9.744,1.464,0
524,0,0,0,91.59315,12.97332,0,0.6625196,0.0261671,95.582,9.611,1.464,0
525,0,0,0,89.29585,12.43162,0.0906,0.6669453,0.0268557,94.946,9.469,1.464,0
526,0,0,0,86.97055,11.98198,0.1219091,0.6650729,0.0268557,94.27,9.316,1.464,0
527,0,0,0,84.4696,11.50251,0.1422273,0.6776553,0.0247899,93.558,9.155,1.464,0
528,0,0,0,82.02782,11.10827,0.1727046,0.6821491,0.0250195,92.808,8.987,1.464,0
529,0,0,0,79.41432,10.66136,0.1948438,0.6940575,0.025249,92.024,8.812,1.466,0
530,0,0,0,76.79704,10.323,0.2050987,0.718773,0.0245604,91.204,8.633,1.468,0
531,0,0,0,74.0827,9.938858,0.2484186,0.7450614,0.0236422,90.352,8.452,1.47,0
532,0,0,0,71.33536,9.515805,0.3001724,0.7697769,0.0227241,89.469,8.271,1.472,0
533,0,0,0,68.92858,9.123953,0.3551849,0.793369,0.0234127,88.557,8.092,1.476,0
534,0,0,0,66.60094,8.866582,0.407418,0.8290942,0.0231832,87.618,7.917,1.478,0
535,0,0,0,64.09785,8.45377,0.4700976,0.8726835,0.0224946,86.655,7.748,1.482,0
536,0,0,0,61.83329,8.161202,0.5587502,0.9131271,0.0231832,85.669,7.586,1.488,0
537,0,0,0,59.61078,7.902201,0.6220049,0.9657038,0.0218059,84.662,7.432,1.492,0
538,0,0,0,57.37489,7.568273,0.7234041,1.0304136,0.0227241,83.637,7.289,1.498,0
539,0,0,0,55.43717,7.340113,0.8404253,1.134893,0.0224946,82.595,7.155,1.504,0
540,0,0,0,53.17561,7.033706,0.9875405,1.2272392,0.0238718,81.538,7.032,1.51,0
541,0,0,0,51.48543,6.76331,1.127084,1.3481207,0.025249,80.468,6.92,1.518,0
542,0,0,0,49.7223,6.510354,1.321257,1.4941671,0.0250195,79.386,6.818,1.526,0
543,0,0,0,48.27464,6.262905,1.570347,1.6572897,0.0259376,78.295,6.727,1.534,0
544,0,0,0,46.74945,6.007205,1.846463,1.8329948,0.0261671,77.195,6.646,1.544,0
545,0,0,0,45.48718,5.840609,2.14146,2.0421782,0.0257081,76.089,6.575,1.554,0
546,0,0,0,44.20364,5.658343,2.523959,2.2607984,0.0270853,74.977,6.512,1.566,0
547,0,0,0,42.84221,5.465559,2.964826,2.4953715,0.0261671,73.862,6.456,1.578,0
548,0,0,0,41.70633,5.226005,3.413072,2.7879136,0.0263967,72.745,6.406,1.59,0
549,0,0,0,40.5601,5.003949,3.946712,3.1285388,0.0254785,71.626,6.362,1.604,0
550,0,0,0,39.435,4.82222,4.597469,3.4893858,0.025249,70.507,6.324,1.62,0
551,0,0,0,38.58361,4.656301,5.158135,3.9266263,0.0241013,69.39,6.29,1.636,0
552,0,0,0,37.44517,4.477296,6.027792,4.384538,0.0231832,68.276,6.261,1.654,0
553,0,0,0,36.42616,4.280793,7.023,4.9352453,0.0229536,67.165,6.237,1.674,0
554,0,0,0,35.46679,4.130284,8.211614,5.5216778,0.0213469,66.059,6.218,1.694,0
555,0,0,0,34.55879,3.997791,9.637721,6.2083206,0.0199697,64.958,6.203,1.716,0
556,0,0,0,33.81929,3.844696,11.33985,6.979221,0.0197401,63.864,6.193,1.742,0
557,0,0,0,32.821,3.715404,13.41767,7.8813384,0.0204287,62.777,6.189,1.768,0
558,0,0,0,31.78624,3.569926,15.78301,8.9510722,0.0197401,61.699,6.191,1.798,0
559,0,0,0,31.06413,3.489054,18.78953,10.2304388,0.0190515,60.629,6.201,1.83,0
560,0,0,0,30.15197,3.31347,22.02894,11.5787842,0.019281,59.57,6.227,1.864,0
561,0,0,0,29.33902,3.186305,25.82806,13.0814894,0.0199697,58.521,6.294,1.904,0
562,0,0,0,28.56108,3.060016,29.83611,14.8046124,0.0197401,57.483,6.47,1.946,0
563,0,0,0,27.6214,2.96421,34.52366,16.6317653,0.0215764,56.456,6.858,1.994,0
564,0,0,0,26.74772,2.875682,39.7048,18.6725954,0.0211173,55.442,7.461,2.048,0
565,0,0,0,25.74535,2.744342,45.82422,20.9324951,0.0213469,54.441,8.155,2.108,0
566,0,0,0,25.10942,2.654681,52.49663,23.3741664,0.0199697,53.453,8.864,2.174,0
567,0,0,0,24.24641,2.510396,60.09008,25.9243614,0.0208878,52.479,9.58,2.252,0
568,0,0,0,23.50311,2.434734,67.22636,28.5138767,0.0201992,51.52,10.309,2.34,0
569,0,0,0,22.69247,2.347757,75.31914,31.0676667,0.0208878,50.574,11.055,2.442,0
570,0,0,0,21.68404,2.281699,82.26852,33.6484191,0.0199697,49.644,11.821,2.566,0
571,0,0,0,20.89881,2.160421,88.78088,35.9984182,0.0197401,48.73,12.61,2.718,0
572,0,0,0,20.11592,2.073543,93.44257,37.9972318,0.018822,47.831,13.425,2.914,0
573,0,0,0,19.47529,1.957892,96.55931,39.9369529,0.0195106,46.948,14.269,3.192,0
574,0,0,0,18.65756,1.9185,98.90739,41.4747093,0.0183629,46.081,15.145,3.682,0
575,0,0,0,18.06088,1.864413,99.55911,42.6572358,0.0185924,45.231,16.058,10.19,0
576,0,0,0,17.32446,1.742499,99.99998,43.5137418,0.0183629,44.398,17.014,12.498,0
577,0,0,0,16.70262,1.713427,97.92982,43.9390739,0.0185924,43.581,18.018,14.652,0
578,0,0,0,15.988,1.648304,94.97697,43.9112128,0.0181334,42.782,19.081,16.844,0
579,0,0,0,15.38996,1.584692,91.67719,43.4151043,0.0179038,41.999,20.211,19.166,0
580,0,0,0,14.97182,1.525057,87.10751,42.4943379,0.0176743,41.232,21.418,21.636,0
581,0,0,0,14.45914,1.479421,82.73719,41.4093254,0.0172152,40.481,22.709,24.272,0
582,0,0,0,13.88615,1.447744,76.96854,39.9421207,0.0172152,39.744,24.094,27.096,0
583,0,0,0,13.40696,1.404057,71.88229,38.2601154,0.0176743,39.022,25.586,30.156,0
584,0,0,0,12.87406,1.348896,66.35421,36.4882354,0.0174448,38.314,27.196,33.528,0
585,0,0,0,12.34572,1.329468,62.26853,34.7323081,0.0167561,37.62,28.941,37.352,0
586,0,0,0,11.88779,1.268799,58.32948,32.8067424,0.0167561,36.938,30.838,41.778,0
587,0,0,0,11.40547,1.232788,54.10963,31.0485683,0.0156085,36.27,32.908,46.79,0
588,0,0,0,10.93634,1.209463,50.65554,29.2229882,0.0153789,35.613,35.175,52.148,0
589,0,0,0,10.59322,1.169275,48.09564,27.5335682,0.0153789,34.969,37.67,57.39,0
590,0,0,0,10.27972,1.104211,44.87252,25.9607607,0.0153789,34.337,40.414,62.24,0
591,0,0,0,9.847617,1.07854,41.9053,24.5319774,0.0146903,33.716,43.404,66.928,0
592,0,0,0,9.438091,1.051854,39.59363,23.2063254,0.0144608,33.106,46.625,71.708,0
593,0,0,0,9.110133,1.025706,37.15353,22.040875,0.0151494,32.507,50.054,76.832,0
594,0,0,0,8.779702,0.9490293,34.91949,20.9077796,0.0153789,31.918,53.651,82.502,0
595,0,0,0,8.437654,0.9509979,33.32949,19.9622976,0.0146903,31.34,57.358,87.896,0
596,0,0,0,8.284407,0.9213693,31.72512,19.0208599,0.0153789,30.772,61.09,92.11,0
597,0,0,0,7.92032,0.8842839,30.25014,18.1690723,0.0151494,30.213,64.736,95.05,0
598,0,0,0,7.684351,0.870424,28.87866,17.3799723,0.0146903,29.665,68.268,96.944,0
599,0,0,0,7.305268,0.8487893,27.75349,16.7456815,0.0149199,29.125,71.721,98.04,0
600,0,0,0.9342855,7.08483,0.8162972,26.79605,16.1008304,0.015838,28.595,75.154,98.562,0
601,0,0,0.950739,6.963509,0.7919382,26.01974,15.5442813,0.0165266,28.074,78.654,98.69,0
602,0,0,1.071235,6.7048,0.7479327,25.10063,15.0524419,0.0162971,27.562,82.333,98.52,0
603,0,0,1.150167,6.467101,0.7322037,24.23423,14.540156,0.0165266,27.058,86.113,98.112,0
604,0,0,1.301096,6.282627,0.7060352,23.57868,14.0507882,0.0174448,26.563,89.719,97.496,0
605,0,0,1.480135,6.049913,0.7023565,22.84933,13.6086046,0.0181334,26.076,92.892,96.692,0
606,0,0,1.678626,5.847435,0.6645352,22.30208,13.2362986,0.0190515,25.598,95.485,95.708,0
607,0,0,1.885549,5.612044,0.6454259,21.68871,12.8734294,0.0213469,25.127,97.498,94.542,0
608,0,0,2.12849,5.517994,0.6291202,21.15487,12.6330146,0.0234127,24.664,98.982,93.186,0
609,0,0,2.329342,5.332037,0.6350459,20.54245,12.3640645,0.025249,24.209,99.953,91.61,0
610,0,0,2.646306,5.126389,0.5854528,20.21659,12.1643179,0.0275444,23.761,100.396,89.764,0
611,0,0,2.944491,4.939525,0.5689881,20.04983,12.0214171,0.0296102,23.321,100.271,87.608,0
612,0,0,3.479809,4.82187,0.558966,19.6818,11.8385221,0.0314465,22.889,99.554,85.122,0
613,0,0,3.779044,4.64065,0.5383255,19.49779,11.6475383,0.035119,22.463,98.307,82.324,0
614,0,0,4.249223,4.455064,0.5042427,19.0253,11.5003685,0.0399393,22.045,96.637,79.298,0
615,0,0,4.706433,4.290446,0.5111825,18.94,11.3399421,0.04453,21.633,94.662,76.196,0
616,0,0,5.331177,4.113305,0.5060721,18.66206,11.2397318,0.0479731,21.229,92.482,73.192,0
617,0,0,5.8801,4.032396,0.4788695,18.63714,11.1109863,0.0532524,20.831,90.174,70.406,0
618,0,0,6.598916,3.872763,0.4652284,18.17136,11.0262794,0.0594499,20.441,87.77,67.832,0
619,0,0,7.185356,3.728043,0.4475507,17.91834,10.9763989,0.0644997,20.056,85.27,65.44,0
620,0,0,7.880523,3.597535,0.428481,17.79183,10.8878723,0.0718449,19.678,82.666,63.206,0
621,0,0,8.570893,3.447253,0.4253591,17.42955,10.7355347,0.0810263,19.307,79.946,61.112,0
622,0,0,9.484116,3.2959,0.3976593,17.20241,10.6303812,0.0904373,18.942,77.094,59.146,0
623,0,0,10.27242,3.228875,0.4016562,16.90531,10.4477109,0.0959462,18.584,74.085,57.298,0
624,0,0,11.0578,3.086173,0.4044003,16.71267,10.2946992,0.1028322,18.231,70.883,55.556,0
625,0,0,11.91308,2.982731,0.3920716,16.34464,10.1075351,0.1147681,17.885,67.433,53.918,0
626,0,0,13.05312,2.920278,0.3729224,16.04849,9.9486815,0.126704,17.545,63.711,52.388,0
627,0,0,13.89596,2.786186,0.3530971,15.77439,9.774774,0.1395581,17.211,59.785,50.976,0
628,0,0,14.85326,2.775105,0.3473901,15.42936,9.6051354,0.1526416,16.883,55.775,49.692,0
629,0,0,15.88593,2.656543,0.341882,15.20318,9.3853918,0.1719227,16.56,51.818,48.54,0
630,2.145717303,0,16.78277,2.594668,0.3334906,14.73452,9.1625025,0.190056,16.244,48.046,47.524,0
631,2.349090764,0,17.91371,2.514954,0.3090321,14.34253,8.9373663,0.2075008,15.933,44.548,46.644,0
632,2.722215648,0,19.1427,2.457816,0.320108,13.986,8.6747075,0.2316021,15.629,41.371,45.9,0
633,3.14247569,0,20.3444,2.335052,0.2992089,13.40425,8.36801,0.2550148,15.33,38.504,45.294,0
634,3.686816426,0,21.47084,2.277008,0.2932633,12.93751,8.0822084,0.278198,15.036,35.888,44.822,0
635,4.264558167,0,22.79645,2.166645,0.2952717,12.40655,7.8575216,0.2988562,14.748,33.476,44.484,0
636,4.977712021,0,24.00111,2.102462,0.2929252,11.99731,7.6236227,0.3277778,14.466,31.231,44.27,0.518
637,5.809035636,0,25.28976,2.057106,0.2795427,11.43569,7.3045674,0.3594538,14.189,29.131,44.166,1.184
638,6.7329302,0,26.79643,2.006517,0.2712705,10.98332,7.0497726,0.3865391,13.918,27.156,44.146,1.802
639,7.806046444,0,28.56287,1.872343,0.2674725,10.44949,6.7475689,0.4211991,13.653,25.291,44.192,2.363
640,8.939762721,0.7548319,30.14488,1.838974,0.2683674,9.982747,6.4965937,0.4609088,13.392,23.524,44.292,2.859
641,10.3313882,0.6441227,32.66199,1.799509,0.2512663,9.508911,6.2128143,0.5075047,13.138,21.846,44.428,3.278
642,12.02640832,0.6843802,34.92882,1.730712,0.2578482,8.95294,5.9324052,0.556855,12.888,20.248,44.588,3.608
643,13.72202228,0.5384462,37.6129,1.703605,0.2393154,8.548877,5.6533442,0.6204365,12.644,18.731,44.76,3.836
644,15.72825941,0.704509,40.50552,1.630318,0.2461558,8.096605,5.3790017,0.6918223,12.406,17.31,44.93,3.948
645,17.86441145,0.7347031,43.47126,1.503394,0.224004,7.684299,5.1302734,0.7719305,12.173,15.994,45.088,3.939
646,20.07370163,0.7347031,47.28572,1.459727,0.2270265,7.250717,4.9134506,0.8676471,11.945,14.788,45.22,3.819
647,22.74319651,0.8504431,51.18422,1.437069,0.2227711,6.868697,4.7229163,0.9915967,11.722,13.691,45.312,3.624
648,25.51428314,0.9359909,55.77409,1.408191,0.2153938,6.562678,4.4816026,1.1323024,11.505,12.698,45.35,3.416
649,28.41683473,0.8353469,60.39661,1.35233,0.2090704,6.252442,4.2829795,1.3078977,11.292,11.801,45.318,3.259
650,31.6477705,0.9561197,65.40831,1.276365,0.2098459,5.970001,4.1236766,1.5043807,11.085,10.994,45.202,3.202
651,34.93757349,0.9762485,69.93282,0,0,5.70136,3.927525,1.7637567,10.883,10.268,45,3.264
652,39.00403199,1.112117,75.18536,0,0,5.458117,3.7974314,2.0603175,10.686,9.615,44.716,3.446
653,42.9155741,1.137279,80.07762,0,0,5.225607,3.6464419,2.4317072,10.494,9.028,44.348,3.734
654,46.42496161,1.0467,84.88214,0,0,5.007283,3.5410638,2.8882549,10.307,8.5,43.898,4.093
655,51.32592744,1.152377,89.08218,0,0,4.830361,3.4428756,3.4646204,10.125,8.026,43.372,4.48
656,55.2455743,1.182569,92.78687,0,0,4.655548,3.3835583,4.1695263,9.948,7.6,42.772,4.863
657,59.79176589,1.373793,95.99799,0,0,4.486677,3.3226682,4.9965455,9.775,7.217,42.102,5.221
658,64.41400651,1.293278,98.37317,0,0,4.220241,3.268294,6.0349676,9.607,6.87,41.368,5.537
659,68.13359998,1.529791,99.43361,0,0,4.059228,3.2076286,7.2450828,9.444,6.555,40.578,5.796
660,72.58680613,1.590177,100,0,0,4.016388,3.1390991,8.8642316,9.285,6.265,39.74,5.984
661,76.59974087,1.393922,99.71358,0,0,3.882978,3.0862977,10.7266889,9.131,5.998,38.86,6.089
662,80.55086353,1.992761,98.41766,0,0,3.74353,3.033721,13.0736972,8.981,5.75,37.946,6.104
663,84.76964862,1.781398,96.01115,0,0,3.639639,2.9658656,15.9812331,8.836,5.52,37.006,6.042
664,88.55868059,2.390291,93.62656,0,0,3.5691,2.9330613,19.5927568,8.695,5.304,36.048,5.917
665,90.7486129,2.314818,90.38733,0,0,3.47786,2.8872252,23.7462155,8.558,5.102,35.08,5.744
666,93.20268762,2.556357,86.41145,0,0,3.328157,2.862285,28.7703054,8.425,4.911,34.106,5.534
667,95.07109568,2.772749,82.05199,0,0,3.268544,2.8112811,34.6227916,8.297,4.732,33.136,5.3
668,97.37729835,3.190413,77.49364,0,0,3.188038,2.7802743,41.4090313,8.172,4.561,32.176,5.051
669,98.4088966,3.286036,73.12512,0,0,3.047728,2.7151151,48.4654353,8.051,4.399,31.234,4.797
670,99.72682415,3.668478,68.76762,0,0,2.942687,2.6443388,56.1487028,7.934,4.244,30.314,4.546
671,100,4.141513,64.42639,0,0,2.854513,2.5787302,64.0431436,7.82,4.095,29.422,4.304
672,99.27706705,4.589369,60.57752,0,0,2.817136,2.5322201,71.7663504,7.711,3.951,28.564,4.076
673,98.26914654,4.846013,56.6125,0,0,2.764232,2.4697572,78.9418837,7.604,3.81,27.744,3.864
674,96.88280172,5.419683,52.79201,0,0,2.709794,2.4072942,85.5187864,7.501,3.67,26.962,3.667
675,95.2185336,5.671297,49.24279,0,0,2.63341,2.3459547,91.1034038,7.401,3.528,26.214,3.483
676,93.90158557,6.743167,45.93995,0,0,2.587693,2.3007927,95.2733892,7.304,3.378,25.498,3.312
677,90.56712003,7.271542,43.15812,0,0,2.548974,2.2329373,98.0356286,7.211,3.205,24.814,3.151
678,88.43823518,7.885464,40.49578,0,0,2.488019,2.1817087,99.6653361,7.12,2.976,24.158,3
679,86.15408667,8.997584,38.4744,0,0,2.489361,2.1221667,100,7.032,2.7,23.528,2.857
680,83.39204568,9.591389,36.69496,0,0,2.340042,2.0495929,99.4277661,6.947,2.499,22.926,2.723
681,80.41713207,10.7186,34.71545,0,0,2.349626,1.9774684,98.0358582,6.864,2.375,22.35,2.595
682,77.08821742,11.88607,33.21503,0,0,2.238642,1.9300595,96.1412658,6.784,2.289,21.798,2.474
683,74.74686226,13.33033,31.83786,0,0,2.169637,1.8997268,93.8615116,6.706,2.224,21.27,2.358
684,70.92333687,14.13548,30.13176,0,0,2.175388,1.8336689,91.5418181,6.63,2.172,20.764,2.248
685,68.30332805,16.36978,29.08076,0,0,2.080889,1.7792947,89.5340643,6.557,2.129,20.282,2.141
686,65.66914132,17.1699,27.86542,0,0,1.992812,1.7399745,87.8019836,6.485,2.092,19.82,2.039
687,61.98572416,19.16761,27.04234,0,0,2.009488,1.6898693,86.4637872,6.415,2.06,19.382,1.941
688,59.29897344,20.66733,26.16352,0,0,1.933007,1.6424604,85.5568894,6.347,2.032,18.964,1.845
689,57.17117436,22.2373,25.15577,0,0,1.909718,1.5943774,84.7771547,6.28,2.008,18.566,1.753
690,53.72091232,25.06542,24.63897,0,0,1.901476,1.5698866,84.3688097,6.215,1.985,18.188,1.665
691,50.95016385,27.07335,24.10414,0,0,1.797009,1.5355095,84.266207,6.151,1.965,17.83,1.579
692,48.86717083,29.63979,23.38645,0,0,1.770078,1.5110186,84.4610833,6.089,1.947,17.49,1.497
693,46.51677616,31.2551,22.95607,0,0,1.759632,1.4788884,84.6272675,6.027,1.93,17.168,1.419
694,44.50760815,34.05288,22.48316,0,0,1.681426,1.4420398,84.7808273,5.966,1.915,16.864,1.344
695,42.67458187,36.57908,21.95275,0,0,1.575905,1.4278845,84.8685101,5.906,1.901,16.576,1.272
696,40.63821174,39.70418,21.82195,0,0,1.587981,1.3874409,84.8090602,5.847,1.888,16.302,1.204
697,38.99442647,42.4919,21.3385,0,0,1.580601,1.380925,84.6022481,5.788,1.876,16.042,1.14
698,37.31157997,45.59177,21.04601,0,0,1.469522,1.3539626,84.2248905,5.729,1.864,15.798,1.08
699,35.63958519,48.79734,20.49529,0,0,1.485911,1.3355383,83.6889233,5.671,1.854,15.564,1.023
700,34.05503801,51.88203,20.25478,0,0,1.423231,1.3171139,82.8536408,5.649,1.844,15.34,0.971
701,33.0263008,54.87621,19.81298,0,0,1.38547,1.307003,81.896245,0,1.835,15.126,0.923
702,31.79694066,59.01772,19.40756,0,0,1.346559,1.299139,80.668226,0,1.826,14.918,0.879
703,30.64397294,62.47491,19.22403,0,0,1.274774,1.2793666,79.2978945,0,1.818,14.718,0.841
704,29.72836257,66.58114,18.89698,0,0,1.260878,1.2631891,77.7462293,0,1.81,14.522,0.806
705,28.44694508,68.24675,18.43947,0,0,1.167337,1.2420686,76.0724508,0,1.803,14.33,0.777
706,27.49372322,73.32438,18.31005,0,0,1.207494,1.2638632,74.2359311,0,1.796,14.14,0.754
707,26.92640692,74.64783,18.06472,0,0,1.106383,1.2622904,72.4416461,0,1.789,13.952,0.736
708,26.25319254,79.48371,18.14323,0,0,1.117596,1.2445401,70.45983,0,1.783,13.762,0.724
709,25.28186376,82.73958,17.86491,0,0,1.074468,1.247461,68.4366973,0,1.777,13.572,0.718
710,24.93561861,85.73374,17.59585,0,0,0.9971246,1.2508313,66.3497536,0,1.771,13.378,0.719
711,24.46080587,88.14913,17.55601,0,0,0.9507378,1.2715025,64.3766598,0,1.766,13.182,0.727
712,24.17566528,90.74574,17.5547,0,0,0.9599385,1.3065537,62.3048655,0,1.761,12.982,0.742
713,23.64266764,92.55234,17.3212,0,0,0.9418246,1.324978,60.3101953,0,1.756,12.78,0.763
714,23.55368341,94.75649,17.29594,0,0,0.8893998,1.3539626,58.3348062,0,1.751,12.576,0.793
715,23.26620381,96.21087,17.18564,0,0,0.8073604,1.4018209,56.3926998,0,1.747,12.372,0.83
716,23.08516108,97.83113,17.05154,0,0,0.7544565,1.4620369,54.4600044,0,1.743,12.168,0.875
717,22.73659488,98.1784,17.06863,0,0,0.7613569,1.5489907,52.6407,0,1.738,11.964,0.929
718,22.60492403,99.22515,17.16154,0,0,0.7705576,1.637742,50.9090784,0,1.735,11.764,0.992
719,22.23102771,100,17.03126,0,0,0.6822885,1.7127874,49.1893927,0,1.731,11.564,1.065
720,22.12920278,99.87418,16.96218,0,0,0.6574658,1.8523179,47.5084986,0,1.728,11.368,1.148
721,22.05421377,99.53203,16.7969,0,0,0.6651331,2.0037568,45.9917229,0,1.724,11.178,1.243
722,21.76059158,98.77219,16.56565,0,0,0.6391603,2.1527241,44.4958351,0,1.721,10.992,1.351
723,21.81077166,96.08505,16.56164,0,0,0.6464441,2.3731418,43.1624589,0,1.718,10.81,1.472
724,21.50303654,96.39703,16.52716,0,0,0.655549,2.5809771,41.9176837,0,1.715,10.638,1.609
725,21.42545801,94.00159,16.30517,0,0,0,2.7843187,40.7149137,0,1.713,10.472,1.764
726,20.97247083,92.59257,16.04757,0,0,0,3.05237,39.6888865,0,1.71,10.314,1.939
727,20.83897505,89.14559,15.53834,0,0,0,3.3597415,38.707619,0,1.708,10.164,2.137
728,20.7672634,87.30371,15.52613,0,0,0,3.7113763,37.862696,0,1.706,10.018,2.36
729,20.35536597,85.33618,15.38633,0,0,0,4.0969389,37.1196871,0,1.704,9.878,2.611
730,20.02534254,82.34712,14.89344,0,0,0,4.515081,36.409961,0,1.702,9.744,2.89
731,19.81206385,79.27744,14.67212,0,0,0,4.9682742,35.8083464,0,1.7,9.614,3.198
732,19.72587126,76.22291,14.27199,0,0,0,5.4405659,35.1840077,0,1.698,9.486,3.535
733,19.24963718,73.46024,13.9668,0,0,0,6.0110456,34.5963949,0,1.697,9.362,3.899
734,18.97281813,70.85358,13.60568,0,0,0,6.6576942,34.0549188,0,1.695,9.24,4.286
735,18.60951532,66.68684,13.21459,0,0,0,7.3450111,33.3947725,0,1.694,9.118,4.691
736,18.25466422,65.37344,13.20792,0,0,0,8.0862528,32.8209319,0,1.693,8.996,5.103
737,17.88970244,61.17653,12.74028,0,0,0,8.9290529,32.1972818,0,1.692,8.876,5.509
738,17.59560407,57.72444,12.07847,0,0,0,9.8725127,31.5366765,0,1.691,8.752,5.915
739,17.25690701,55.92296,11.52655,0,0,0,10.9505599,30.8898433,0,1.69,8.63,6.367
740,16.81961504,52.88344,11.17646,0,0,0,12.0616361,30.283638,0,1.69,8.504,6.908
741,16.36101711,51.06679,10.87007,0,0,0,13.2493304,29.6124739,0,1.689,8.378,7.564
742,15.90847161,48.40488,10.48002,0,0,0,14.5909352,29.0384037,0,1.689,8.252,8.348
743,15.39392254,45.34525,10.19128,0,0,0,15.9500656,28.4232465,0,1.688,8.124,9.259
744,15.03868785,42.47178,9.737625,0,0,0,17.5091672,27.910692,0,1.688,7.994,10.29
745,14.70756829,40.71053,9.441989,0,0,0,19.2271224,27.3448851,0,1.688,7.862,11.43
746,14.29802411,37.93287,8.882946,0,0,0,20.9446282,26.8236083,0,1.688,7.73,12.668
747,13.84368933,36.45837,8.520109,0,0,0,22.8117754,26.3275804,0,1.688,7.596,13.993
748,13.37411531,35.71354,8.294446,0,0,0,24.765427,25.8806733,0,1.688,7.458,15.392
749,12.99076433,33.11199,8.041685,0,0,0,26.7579494,25.369496,0,1.689,7.32,16.849
750,12.59493293,32.04512,7.615582,0,0,0,28.9057304,25.0029266,0,1.689,7.18,18.351
751,12.00337826,30.25864,0,0,0,0,31.2853882,24.5466085,0,1.69,7.038,19.89
752,11.43719432,29.15664,0,0,0,0,33.6776284,24.1660374,0,1.69,6.894,21.457
753,11.04618299,27.92883,0,0,0,0,36.1756961,23.7106374,0,1.691,6.748,23.049
754,10.80866913,26.76121,0,0,0,0,38.8319433,23.265337,0,1.692,6.602,24.661
755,10.39447995,25.2567,0,0,0,0,41.4854942,22.7791792,0,1.693,6.456,26.289
756,9.872330458,23.34441,0,0,0,0,44.2853163,22.36303,0,1.694,6.312,27.93
757,9.416275566,23.0072,0,0,0,0,46.9907699,21.8849059,0,1.696,6.168,29.58
758,8.912115134,21.34159,0,0,0,0,49.9746104,21.4173405,0,1.697,6.028,31.237
759,8.638709777,20.99432,0,0,0,0,52.9811443,20.933019,0,1.699,5.892,32.898
760,8.050664445,20.26466,0,0,0,0,56.067442,20.5086065,0,1.7,5.76,34.56
761,7.824461115,19.68093,0,0,0,0,59.2811371,20.0043153,0,1.702,5.632,36.217
762,7.51553228,18.64934,0,0,0,0,62.4083278,19.5720985,0,1.704,5.51,37.867
763,7.233269336,18.09579,0,0,0,0,65.5752881,19.1630649,0,1.706,5.394,39.502
764,6.997149739,17.53729,0,0,0,0,68.5162134,18.7999385,0,1.708,5.284,41.113
765,6.65512277,17.26554,0,0,0,0,71.6294735,18.3525723,0,1.711,5.182,42.694
766,6.479645918,16.38991,0,0,0,0,74.5101828,17.9609834,0,1.713,5.088,44.238
767,6.311260954,15.59482,0,0,0,0,77.4353801,17.5413911,0,1.716,5,45.737
768,6.107609518,15.25766,0,0,0,0,80.3106969,17.1523272,0,1.719,4.918,47.185
769,5.922677037,14.90036,0,0,0,0,83.0974871,16.7637223,0,1.722,4.842,48.571
770,5.675292064,14.50786,0,0,0,0,85.8739417,16.3767241,0,1.725,4.772,49.889
771,5.649766817,13.76812,0,0,0,0,88.3688638,15.9789378,0,1.728,4.708,51.142
772,5.525466611,13.78826,0,0,0,0,90.6274154,15.5965303,0,1.732,4.65,52.348
773,5.338684983,13.34039,0,0,0,0,92.5019772,15.2074664,0,1.736,4.6,53.528
774,5.134730397,12.95794,0,0,0,0,94.2677907,14.8822135,0,1.74,4.552,54.642
775,4.988036885,12.50001,0,0,0,0,95.9217101,14.5298753,0,1.744,4.512,55.634
776,4.716556297,12.35911,0,0,0,0,97.3615031,14.211738,0,1.748,4.478,56.451
777,4.637326942,12.23329,0,0,0,0,98.3577643,13.8584817,0,1.753,4.448,57.046
778,4.43049714,12.01189,0,0,0,0,99.136978,13.4783696,0,1.758,4.424,57.376
779,4.330453911,11.85588,0,0,0,0,99.7753132,13.1446239,0,1.763,4.406,57.405
780,4.27335655,11.34259,0,0,0,0,100,12.8076647,0,1.769,4.392,57.125
781,4.169583161,11.15138,0,0,0,0,99.8458649,12.4394885,0,1.775,4.384,56.578
782,3.949923745,10.75887,0,0,0,0,99.4843438,12.085314,0,1.781,4.378,55.822
783,3.847345789,10.74376,0,0,0,0,98.8630849,11.7095632,0,1.788,4.376,54.912
784,3.713565281,10.18519,0,0,0,0,97.9420937,11.3496503,0,1.796,4.378,53.892
785,3.588409878,9.983906,0,0,0,0,96.9312279,10.9856058,0,1.804,4.384,52.8
786,3.589296623,9.868166,0,0,0,0,95.7354448,10.670682,0,1.812,4.39,51.66
787,3.453612337,9.606493,0,0,0,0,94.1574695,10.3266072,0,1.821,4.4,50.492
788,3.411932731,9.374997,0,0,0,0,92.5352309,10.0006657,0,1.832,4.41,49.309
789,3.370016652,9.661849,0,0,0,0,90.55956,9.6923984,0,1.842,4.422,48.115
790,3.324595256,9.307258,0,0,0,0,88.7124099,9.3997397,0,1.854,4.434,46.911
791,3.371927137,9.122459,0,0,0,0,86.4379055,9.1261325,0,1.867,4.444,45.696
792,3.245939837,8.937662,0,0,0,0,84.101837,8.8378349,0,1.881,0,44.47
793,3.11268216,8.752863,0,0,0,0,81.6096112,8.5529804,0,1.896,0,43.23
794,2.927449617,8.568065,0,0,0,0,79.076043,8.2993428,0,1.914,0,41.977
795,2.89410597,8.383266,0,0,0,0,76.611229,7.9988799,0,1.933,0,40.708
796,2.824764032,8.198468,0,0,0,0,74.0423849,7.7629166,0,1.955,0,39.422
797,2.798115531,8.01367,0,0,0,0,71.3569284,7.5145583,0,0,0,38.115
798,2.660827298,7.828871,0,0,0,0,68.6184459,7.2521984,0,0,0,36.786
799,2.615532819,7.644073,0,0,0,0,65.9377078,7.0368934,0,0,0,35.428
800,2.570440825,7.459275,0,0,0,0,63.3416767,6.7850921,0,0,0,34.036
801,0,7.274477,0,0,0,0,60.6674546,6.585166,0,0,0,32.599
802,0,7.089678,0,0,0,0,58.0451351,6.3898306,0,0,0,31.105
803,0,6.904881,0,0,0,0,55.527969,6.1919704,0,0,0,29.553
804,0,6.720082,0,0,0,0,53.1876314,6.0214249,0,0,0,27.956
805,0,6.535283,0,0,0,0,50.9135765,5.8299917,0,0,0,26.337
806,0,6.350485,0,0,0,0,48.6615408,5.6445264,0,0,0,24.733
807,0,6.165687,0,0,0,0,46.6303723,5.4604383,0,0,0,23.188
808,0,5.980889,0,0,0,0,44.5432567,5.2933359,0,0,0,21.739
809,0,5.79609,0,0,0,0,42.6570111,5.13289,0,0,0,20.407
810,0,5.611292,0,0,0,0,40.7458253,5.0015953,0,0,0,19.198
811,0,5.426494,0,0,0,0,38.9631603,4.866628,0,0,0,18.106
812,0,5.241695,0,0,0,0,37.3045225,4.7295948,0,0,0,17.113
813,0,5.056897,0,0,0,0,35.7117179,4.591414,0,0,0,16.199
814,0,4.872099,0,0,0,0,34.258219,4.4777935,0,0,0,15.346
815,0,4.6873,0,0,0,0,32.8763953,4.3687638,0,0,0,14.542
816,0,4.502502,0,0,0,0,31.5419805,4.293935,0,0,0,13.781
817,0,4.317704,0,0,0,0,30.1972301,4.1791668,0,0,0,13.057
818,0,4.132906,0,0,0,0,29.0079629,4.0843684,0,0,0,12.364
819,0,3.948107,0,0,0,0,27.8366707,3.9663867,0,0,0,11.699
820,0,3.763309,0,0,0,0,26.6984074,3.8598819,0,0,0,11.061
821,0,3.578511,0,0,0,0,25.6102493,3.7437365,0,0,0,10.445
822,0,3.393713,0,0,0,0,24.4513149,3.6572014,0,0,0,9.852
823,0,3.341391,0,0,0,0,23.4564018,3.5612552,0,0,0,9.279
824,0,3.240739,0,0,0,0,22.5486672,3.4696702,0,0,0,8.725
825,0,2.908623,0,0,0,0,21.7734977,3.3725764,0,0,0,8.19
826,0,2.979067,0,0,0,0,21.050905,3.309913,0,0,0,7.673
827,0,2.672097,0,0,0,0,20.3247173,3.2369204,0,0,0,7.175
828,0,2.495972,0,0,0,0,19.6468373,3.1568123,0,0,0,6.697
829,0,2.591595,0,0,0,0,18.9961444,3.0904763,0,0,0,6.239
830,0,2.199078,0,0,0,0,18.4553233,3.0245994,0,0,0,5.802
831,0,2.128618,0,0,0,0,17.8610267,2.9408187,0,0,0,5.388
832,0,2.183974,0,0,0,0,17.5239965,2.8859595,0,0,0,4.995
833,0,2.078309,0,0,0,0,17.1301206,2.8216893,0,0,0,4.625
834,0,1.912243,0,0,0,0,16.7227635,2.7647643,0,0,0,4.278
835,0,1.836754,0,0,0,0,16.3987651,2.7014123,0,0,0,3.953
836,0,1.721013,0,0,0,0,16.1630687,2.6440283,0,0,0,3.652
837,0,1.509662,0,0,0,0,15.8568206,2.5753969,0,0,0,3.373
838,0,1.519727,0,0,0,0,15.4609225,2.5088314,0,0,0,3.116
839,0,1.499598,0,0,0,0,15.1398451,2.4636128,0,0,0,2.88
840,0,1.429147,0,0,0,0,14.8023655,2.4154101,0,0,0,2.664
841,0,1.434179,0,0,0,0,14.6053152,2.3807502,0,0,0,2.466
842,0,1.414051,0,0,0,0,14.4356767,2.3256615,0,0,0,2.284
843,0,1.212763,0,0,0,0,13.9438373,2.2758521,0,0,0,2.117
844,0,1.061796,0,0,0,0,13.6171427,2.240733,0,0,0,1.962
845,0,1.11715,0,0,0,0,13.4165536,2.2072208,0,0,0,1.818
846,0,1.11715,0,0,0,0,13.2711046,2.1902351,0,0,0,1.684
847,0,0.805153,0,0,0,0,13.1266514,2.1760899,0,0,0,1.556
848,0,1.016506,0,0,0,0,12.9614567,2.1682324,0,0,0,1.433
849,0,0.8907007,0,0,0,0,12.7648215,2.1698063,0,0,0,1.312
850,0,0.9208947,0,0,0,0,12.6484538,2.1286275,0,0,0,0
851,0,0,0,0,0,0,0,0,0,0,0,0
852,0,0,0,0,0,0,0,0,0,0,0,0
853,0,0,0,0,0,0,0,0,0,0,0,0
854,0,0,0,0,0,0,0,0,0,0,0,0
855,0,0,0,0,0,0,0,0,0,0,0,0
856,0,0,0,0,0,0,0,0,0,0,0,0
857,0,0,0,0,0,0,0,0,0,0,0,0
858,0,0,0,0,0,0,0,0,0,0,0,0
859,0,0,0,0,0,0,0,0,0,0,0,0
860,0,0,0,0,0,0,0,0,0,0,0,0
861,0,0,0,0,0,0,0,0,0,0,0,0
862,0,0,0,0,0,0,0,0,0,0,0,0
863,0,0,0,0,0,0,0,0,0,0,0,0
864,0,0,0,0,0,0,0,0,0,0,0,0
865,0,0,0,0,0,0,0,0,0,0,0,0
866,0,0,0,0,0,0,0,0,0,0,0,0
867,0,0,0,0,0,0,0,0,0,0,0,0
868,0,0,0,0,0,0,0,0,0,0,0,0
869,0,0,0,0,0,0,0,0,0,0,0,0
870,0,0,0,0,0,0,0,0,0,0,0,0
871,0,0,0,0,0,0,0,0,0,0,0,0
872,0,0,0,0,0,0,0,0,0,0,0,0
873,0,0,0,0,0,0,0,0,0,0,0,0
874,0,0,0,0,0,0,0,0,0,0,0,0
875,0,0,0,0,0,0,0,0,0,0,0,0
876,0,0,0,0,0,0,0,0,0,0,0,0
877,0,0,0,0,0,0,0,0,0,0,0,0
878,0,0,0,0,0,0,0,0,0,0,0,0
879,0,0,0,0,0,0,0,0,0,0,0,0
880,0,0,0,0,0,0,0,0,0,0,0,0
881,0,0,0,0,0,0,0,0,0,0,0,0
882,0,0,0,0,0,0,0,0,0,0,0,0
883,0,0,0,0,0,0,0,0,0,0,0,0
884,0,0,0,0,0,0,0,0,0,0,0,0
885,0,0,0,0,0,0,0,0,0,0,0,0
886,0,0,0,0,0,0,0,0,0,0,0,0
887,0,0,0,0,0,0,0,0,0,0,0,0
888,0,0,0,0,0,0,0,0,0,0,0,0
889,0,0,0,0,0,0,0,0,0,0,0,0
890,0,0,0,0,0,0,0,0,0,0,0,0
891,0,0,0,0,0,0,0,0,0,0,0,0
892,0,0,0,0,0,0,0,0,0,0,0,0
893,0,0,0,0,0,0,0,0,0,0,0,0
894,0,0,0,0,0,0,0,0,0,0,0,0
895,0,0,0,0,0,0,0,0,0,0,0,0
896,0,0,0,0,0,0,0,0,0,0,0,0
897,0,0,0,0,0,0,0,0,0,0,0,0
898,0,0,0,0,0,0,0,0,0,0,0,0
899,0,0,0,0,0,0,0,0,0,0,0,0
900,0,0,0,0,0,0,0,0,0,0,0,0
901,0,0,0,0,0,0,0,0,0,0,0,0
902,0,0,0,0,0,0,0,0,0,0,0,0
903,0,0,0,0,0,0,0,0,0,0,0,0
904,0,0,0,0,0,0,0,0,0,0,0,0
905,0,0,0,0,0,0,0,0,0,0,0,0
906,0,0,0,0,0,0,0,0,0,0,0,0
907,0,0,0,0,0,0,0,0,0,0,0,0
908,0,0,0,0,0,0,0,0,0,0,0,0
909,0,0,0,0,0,0,0,0,0,0,0,0
910,0,0,0,0,0,0,0,0,0,0,0,0
911,0,0,0,0,0,0,0,0,0,0,0,0
912,0,0,0,0,0,0,0,0,0,0,0,0
913,0,0,0,0,0,0,0,0,0,0,0,0
914,0,0,0,0,0,0,0,0,0,0,0,0
915,0,0,0,0,0,0,0,0,0,0,0,0
916,0,0,0,0,0,0,0,0,0,0,0,0
917,0,0,0,0,0,0,0,0,0,0,0,0
918,0,0,0,0,0,0,0,0,0,0,0,0
919,0,0,0,0,0,0,0,0,0,0,0,0
920,0,0,0,0,0,0,0,0,0,0,0,0
921,0,0,0,0,0,0,0,0,0,0,0,0
922,0,0,0,0,0,0,0,0,0,0,0,0
923,0,0,0,0,0,0,0,0,0,0,0,0
924,0,0,0,0,0,0,0,0,0,0,0,0
925,0,0,0,0,0,0,0,0,0,0,0,0
926,0,0,0,0,0,0,0,0,0,0,0,0
927,0,0,0,0,0,0,0,0,0,0,0,0
928,0,0,0,0,0,0,0,0,0,0,0,0
929,0,0,0,0,0,0,0,0,0,0,0,0
930,0,0,0,0,0,0,0,0,0,0,0,0
931,0,0,0,0,0,0,0,0,0,0,0,0
932,0,0,0,0,0,0,0,0,0,0,0,0
933,0,0,0,0,0,0,0,0,0,0,0,0
934,0,0,0,0,0,0,0,0,0,0,0,0
935,0,0,0,0,0,0,0,0,0,0,0,0
936,0,0,0,0,0,0,0,0,0,0,0,0
937,0,0,0,0,0,0,0,0,0,0,0,0
938,0,0,0,0,0,0,0,0,0,0,0,0
939,0,0,0,0,0,0,0,0,0,0,0,0
940,0,0,0,0,0,0,0,0,0,0,0,0
941,0,0,0,0,0,0,0,0,0,0,0,0
942,0,0,0,0,0,0,0,0,0,0,0,0
943,0,0,0,0,0,0,0,0,0,0,0,0
944,0,0,0,0,0,0,0,0,0,0,0,0
945,0,0,0,0,0,0,0,0,0,0,0,0
946,0,0,0,0,0,0,0,0,0,0,0,0
947,0,0,0,0,0,0,0,0,0,0,0,0
948,0,0,0,0,0,0,0,0,0,0,0,0
949,0,0,0,0,0,0,0,0,0,0,0,0
950,0,0,0,0,0,0,0,0,0,0,0,0
951,0,0,0,0,0,0,0,0,0,0,0,0
952,0,0,0,0,0,0,0,0,0,0,0,0
953,0,0,0,0,0,0,0,0,0,0,0,0
954,0,0,0,0,0,0,0,0,0,0,0,0
955,0,0,0,0,0,0,0,0,0,0,0,0
956,0,0,0,0,0,0,0,0,0,0,0,0
957,0,0,0,0,0,0,0,0,0,0,0,0
958,0,0,0,0,0,0,0,0,0,0,0,0
959,0,0,0,0,0,0,0,0,0,0,0,0
960,0,0,0,0,0,0,0,0,0,0,0,0
961,0,0,0,0,0,0,0,0,0,0,0,0
962,0,0,0,0,0,0,0,0,0,0,0,0
963,0,0,0,0,0,0,0,0,0,0,0,0
964,0,0,0,0,0,0,0,0,0,0,0,0
965,0,0,0,0,0,0,0,0,0,0,0,0
966,0,0,0,0,0,0,0,0,0,0,0,0
967,0,0,0,0,0,0,0,0,0,0,0,0
968,0,0,0,0,0,0,0,0,0,0,0,0
969,0,0,0,0,0,0,0,0,0,0,0,0
970,0,0,0,0,0,0,0,0,0,0,0,0
971,0,0,0,0,0,0,0,0,0,0,0,0
972,0,0,0,0,0,0,0,0,0,0,0,0
973,0,0,0,0,0,0,0,0,0,0,0,0
974,0,0,0,0,0,0,0,0,0,0,0,0
975,0,0,0,0,0,0,0,0,0,0,0,0
976,0,0,0,0,0,0,0,0,0,0,0,0
977,0,0,0,0,0,0,0,0,0,0,0,0
978,0,0,0,0,0,0,0,0,0,0,0,0
979,0,0,0,0,0,0,0,0,0,0,0,0
980,0,0,0,0,0,0,0,0,0,0,0,0
981,0,0,0,0,0,0,0,0,0,0,0,0
982,0,0,0,0,0,0,0,0,0,0,0,0
983,0,0,0,0,0,0,0,0,0,0,0,0
984,0,0,0,0,0,0,0,0,0,0,0,0
985,0,0,0,0,0,0,0,0,0,0,0,0
986,0,0,0,0,0,0,0,0,0,0,0,0
987,0,0,0,0,0,0,0,0,0,0,0,0
988,0,0,0,0,0,0,0,0,0,0,0,0
989,0,0,0,0,0,0,0,0,0,0,0,0
990,0,0,0,0,0,0,0,0,0,0,0,0
991,0,0,0,0,0,0,0,0,0,0,0,0
992,0,0,0,0,0,0,0,0,0,0,0,0
993,0,0,0,0,0,0,0,0,0,0,0,0
994,0,0,0,0,0,0,0,0,0,0,0,0
995,0,0,0,0,0,0,0,0,0,0,0,0
996,0,0,0,0,0,0,0,0,0,0,0,0
997,0,0,0,0,0,0,0,0,0,0,0,0
998,0,0,0,0,0,0,0,0,0,0,0,0
999,0,0,0,0,0,0,0,0,0,0,0,0
