Wavelength,Alexa647,Alexa700,APC,FITC,PacificBlue,PE,PE_Cy7,Percp_Cy5_5,BV510,PE_Dazzle,BV605,APC_Cy7
300,0,0,0,53.64077,23.90028,9.02470684,0,0,79.373,0,10,10.031
301,0,0,0,50.56611,20.43135,9.222713572,0,0,80.166,0,10.222,9.926
302,0,0,0,47.83239,16.99397,9.433920753,0,0,81.564,0,10.206,9.739
303,0,0,0,45.06755,14.28525,9.615426925,0,0,82.957,0,10.189,9.555
304,0,0,0,43.00967,12.05937,9.937737883,0,0,84.34,0,10.172,9.376
305,0,0,0,40.99052,10.59369,10.21274723,0,0,85.708,0,10.157,9.205
306,0,0,0,39.41028,8.947124,10.54264845,0,0,87.057,0,10.142,9.044
307,0,0,0,38.38514,8.417903,10.71326425,0,0,88.384,0,10.13,8.896
308,0,0,0,37.12459,7.820037,10.75506567,0,0,89.683,0,10.12,8.761
309,0,0,0,36.07743,7.064007,10.70556399,0,0,90.949,0,10.114,8.643
310,0,0,0,36.44192,6.511595,10.29415,0,0,92.178,0,10.112,8.545
311,0,0,0,35.69774,6.363636,9.739621147,0,0,93.363,0,10.116,8.468
312,0,0,0,35.37122,6.150279,9.021406728,0,0,94.498,0,10.129,8.415
313,0,0,0,35.61421,5.9782,8.13587662,0,0,95.577,0,10.156,8.389
314,0,0,0,34.9604,5.871521,7.234945988,0,0,96.592,0,10.21,8.393
315,0,0,0,34.67944,5.742115,6.369216553,0,0,97.534,0,10.343,8.429
316,0,0,0,33.96639,5.82514,5.627791345,0,0,98.394,0,10.891,8.5
317,0,0,0,33.86691,5.801948,4.989769652,0,0,99.161,0,11.419,8.607
318,0,0,0,32.9944,5.59833,4.439750952,0,0,99.823,0,11.721,8.746
319,0,0,0,32.25023,5.681355,4.058037973,0,0,100,0,11.962,8.916
320,0,0,0,30.9669,5.69063,3.774228324,0,0,100,0,12.181,9.112
321,0,0,0,30.07768,5.820965,3.493718786,0,0,100,0,12.389,9.332
322,0,0,0,29.16721,6.17347,3.330913251,0,0,100,0,12.592,9.573
323,0,0,0,27.1845,6.377087,3.315512727,0,0,100,0,12.794,9.832
324,0,0,0,25.71969,6.405381,3.241810222,0,0,100,0,12.998,10.105
325,0,0,0,24.71657,6.65538,3.213209249,0,0,99.741,0,13.206,10.389
326,0,0,0,23.13785,7.012523,3.266011044,0,0,98.606,0,13.421,10.68
327,0,0,0,21.19311,6.998609,3.347413812,0,0,96.965,0,13.643,10.974
328,0,0,0,20.41932,7.550557,3.379314897,0,0,94.697,0,13.877,11.265
329,0,0,0,18.94539,7.763915,3.432116692,0,0,91.778,0,14.124,11.551
330,0,0,0,18.26197,8.056586,3.565221218,0,0,88.272,0,14.389,11.824
331,0,0,0,17.37351,8.4782,3.686225332,0,0,84.343,0,14.675,12.082
332,0,0,0,16.46986,8.413265,3.78852881,0,0,80.239,0,14.985,12.322
333,0,0,0,15.64975,8.784323,3.934833784,0,0,76.216,0,15.322,12.542
334,0,0,0,15.20249,9.197124,4.059138011,0,0,72.473,0,15.688,12.739
335,0,0,0,14.36718,9.35065,4.240644182,0,0,69.119,0,16.087,12.912
336,0,0,0,14.02547,9.730984,4.367148483,0,0,66.194,0,16.519,13.061
337,0,0,0,13.61465,10.18089,4.565155215,0,0,63.692,0,16.988,13.185
338,0,0,0,13.21295,10.58395,4.730160825,0,0,61.584,0,17.494,13.285
339,0,0,0,12.90161,11.11781,4.886366136,0,0,59.836,0,18.037,13.361
340,0,0,0,13.15144,11.78571,5.072272457,0,0,58.409,0,18.618,13.414
341,0,0,0,12.30855,12.26809,5.26147889,0,0,57.268,0,19.234,13.446
342,0,0,0,12.22577,12.87987,5.46498581,0,0,56.382,0,19.881,13.458
343,0,0,0,11.92127,13.82143,5.638791719,0,0,55.725,0,20.552,13.452
344,0,0,0,11.5955,14.28061,5.826898115,0,0,55.271,0,21.236,13.429
345,0,0,0,11.38288,15.07375,5.978703276,0,0,55.001,0,21.925,13.39
346,0,0,0,11.22265,15.72774,6.204210943,0,0,54.896,0,22.61,13.338
347,0,0,0,10.98042,16.5167,6.392317339,0,0,54.941,0,23.277,13.274
348,0,0,0,10.91131,17.20269,6.541922425,0,0,55.123,0,23.908,13.199
349,0,0,0,10.69869,18.38544,6.728928784,0,0,55.429,0,24.468,13.115
350,0,0,0,10.5696,18.93275,6.93793589,0,19.5920853,55.845,0,24.875,13.023
351,0,0,0,10.44051,19.98098,7.104041537,0,19.6951819,56.353,0,24.954,12.923
352,0,0,0,10.60073,21.2333,7.244846325,0,19.8360498,56.941,0,25.208,12.817
353,0,0,0,10.41849,22.11967,7.426352496,0,20.1050145,57.598,0,26.1,12.705
354,0,0,0,10.38735,23.26484,7.546146569,0,20.2615773,58.315,0,27.338,12.588
355,0,0,0,10.47164,24.50325,7.755153675,0,20.562577,59.085,0,28.746,12.467
356,0,0,0,10.31901,25.66744,7.871867643,0,20.9285926,59.901,0,30.25,12.342
357,0,0,0,10.31217,26.65074,8.068774338,0,21.394712,60.758,0,31.814,12.214
358,0,0,0,10.31901,27.95872,8.187578378,0,22.0115033,61.652,0,33.421,12.083
359,0,0,0,9.992482,29.28525,8.344883726,0,22.5883907,62.577,0,35.056,11.949
360,0,0,0,9.833776,30.57514,8.46588784,0,23.1625261,63.531,0,36.713,11.812
361,0,0,0,9.924899,32.05891,8.614392889,0,23.8095893,64.51,0,38.384,11.674
362,0,0,0,9.787454,33.20037,8.765098013,0,24.4160607,65.511,0,40.067,11.533
363,0,0,0,9.438906,34.71707,8.875101753,0,25.1697638,66.531,0,41.759,11.391
364,0,0,0,9.651527,36.1962,8.984005456,0,25.905923,67.568,0,43.459,11.248
365,0,0,0,9.400937,37.718,9.097309309,0,26.5842902,68.62,0,45.164,11.103
366,0,0,0,9.460927,39.4615,9.171011814,0,27.3304254,69.684,0,46.875,10.956
367,0,0,0,9.430552,41.01577,9.27441533,0,27.9444647,70.758,0,48.591,10.809
368,0,0,0,9.256658,42.76438,9.360218247,0,28.5082801,71.841,0,50.309,10.661
369,0,0,0,9.271845,44.4847,9.387719182,0,29.1587833,72.93,0,52.031,10.512
370,0,0,0,9.316648,46.40538,9.43942094,0,29.8402466,74.024,0,53.754,10.362
371,0,0,0,9.07441,48.29731,9.491122698,0,30.4800859,75.122,0,55.48,10.212
372,0,0,0,8.876975,50.33395,9.46912195,0,31.1474451,76.221,0,57.207,10.061
373,0,0,0,8.854195,52.34694,9.49442281,0,31.8430123,77.32,0,58.934,9.91
374,0,0,0,8.512481,54.11364,9.492222736,0,32.5822675,78.418,0,60.662,9.758
375,0,0,0,8.125204,56.18228,9.482322399,0,33.2004348,79.513,0,62.39,9.606
376,0,0,0,8.223922,58.42765,9.481222362,0,34.0232819,80.603,0,64.117,9.453
377,0,0,0,7.92777,60.36642,9.458121576,0,34.7762971,81.688,0,65.842,9.301
378,0,0,0,7.563274,62.30056,9.451521352,0,35.5300002,82.765,0,67.565,9.148
379,0,0,0,7.554921,64.96754,9.407519856,0,36.2544634,83.833,0,69.284,8.994
380,0,0,0,7.153217,66.51624,9.405319781,0,36.8925827,84.891,0,70.999,8.841
381,0,0,0,7.008178,68.73377,9.337117462,0,37.53311,85.936,0,72.707,8.688
382,0,0,0,6.955022,71.30334,9.281015555,0,37.9875335,86.968,0,74.405,8.534
383,0,0,0,7.039312,73.22774,9.16001144,0,38.4784209,87.985,0,76.089,8.38
384,0,0,0,6.727973,75.76948,9.147911029,0,38.9920123,88.984,0,77.751,8.227
385,0,0,0,6.917054,77.55056,9.100609421,0,39.4096279,89.965,0,79.38,8.073
386,0,0,0,6.719619,79.37848,8.946604185,0,39.8213954,90.925,0,80.951,7.92
387,0,0,0,6.560153,81.44202,8.863001342,0,40.3002429,91.861,0,82.415,7.766
388,0,0,0,6.537372,83.29778,8.728796779,0,40.6782984,92.773,0,83.632,7.613
389,0,0,0,6.295135,85.20361,8.591292104,0,41.1378819,93.657,0,84.268,7.46
390,0,0,0,6.271595,86.93831,8.454887466,0,41.5620334,94.512,0,84.513,7.307
391,0,0,0,6.180471,88.59415,8.297582118,0,42.0381289,95.333,0,84.912,7.155
392,0,0,0,5.975442,90.0552,8.121576134,0,42.4698484,96.12,0,85.414,7.003
393,0,0,0,5.900265,91.56308,7.922469364,0,42.878864,96.867,0,85.99,6.851
394,0,0,0,5.680049,92.80149,7.755153675,0,43.4481833,97.573,0,86.632,6.699
395,0,0,0,5.581332,94.077,7.52205575,0,44.0171587,98.233,0,87.344,6.548
396,0,0,0,5.6193,95.25928,7.310848569,0,44.4884382,98.842,0,88.137,6.398
397,0,0,0,5.413512,96.36364,7.087540976,0,45.0632615,99.396,0,89.038,6.248
398,0,0,0,5.246452,97.34647,6.837832486,0,45.6838368,99.889,0,90.086,6.099
399,0,0,0,5.156087,98.13497,6.572723473,0,46.404172,100.316,0,91.3,5.951
400,0,4.605289,0,5.171275,98.74258,6.346115768,0,47.3776909,100.669,0,92.669,5.804
401,0,4.526377,0,5.094579,99.41095,6.082106792,0,48.4513137,100.94,0,94.134,5.658
402,0,4.443156,0,5.156087,99.7398,5.786196731,0,49.5287205,101.118,7.005,95.597,5.513
403,0,4.391951,0,5.011049,99.90677,5.512287418,0,50.5018954,101.194,6.743,96.964,5.37
404,0,4.292311,0,5.011049,99.99536,5.242778254,0,51.785358,101.153,6.47,98.179,5.228
405,0,4.20519,0,5.049017,99.87013,4.976569203,0,53.1723645,100.978,6.2,99.202,5.088
406,0,4.11181,0,5.269992,99.50372,4.689459442,0,54.461331,100.655,5.935,99.976,4.95
407,0,4.029615,0,5.080151,98.97449,4.456251513,0,55.9536013,100.174,5.675,100.415,4.814
408,0,3.93018,0,5.125713,98.24165,4.185642312,0,57.3168718,99.524,5.422,100.372,4.682
409,0,3.850038,0,5.003455,97.10575,3.946934196,0,58.5483904,98.695,5.177,99.551,4.552
410,0,3.767021,0,5.026996,95.82977,3.731326865,0,59.807773,97.675,4.942,97.57,4.425
411,0,3.685955,0,4.957893,94.31772,3.491518712,0,61.0124597,96.455,4.718,94.284,4.303
412,0,3.590523,0,5.056611,92.31864,3.279211493,0,62.2171463,95.026,4.506,89.861,4.184
413,0,3.510482,0,4.844748,90.19481,3.086704948,0,63.344777,93.381,4.307,84.603,4.069
414,0,3.433418,0,4.912332,87.71753,2.906298814,0,64.4183998,91.515,4.122,78.807,3.958
415,0,3.377082,0,4.859176,85.20825,2.740193167,0,65.5040626,89.429,3.952,72.683,3.852
416,0,3.294887,0,4.97384,82.29128,2.576287594,0,66.3626857,87.127,3.798,66.343,3.75
417,0,3.231368,0,5.125713,79.327,2.433282732,0,67.2529567,84.62,3.66,59.866,3.653
418,0,3.154406,0,5.231265,75.99675,2.292477944,0,68.1284357,81.923,3.54,53.314,3.56
419,0,3.101046,0,5.307961,72.64796,2.194574616,0,68.9302988,79.06,3.438,46.762,3.472
420,0,2.991144,0,5.565385,69.09508,2.076870614,0,69.7717218,76.059,3.354,40.328,3.388
421,0,2.960462,0,5.482615,65.24119,2.007568257,0,70.6640568,72.954,3.288,34.151,3.309
422,0,2.874162,0,5.694477,61.66976,1.905264779,0,71.3503361,69.78,3.239,28.435,3.233
423,0,2.833219,0,5.694477,57.99582,1.864563395,0,72.0772073,66.575,3.206,23.363,3.161
424,0,2.745996,0,6.195658,54.40584,1.821661937,3.1040665,72.8099264,63.373,3.189,18.832,3.092
425,0,2.673036,0,6.317916,50.67254,1.84146261,3.1023334,73.5323256,60.204,3.187,14.642,3.027
426,0,2.63712,0,6.636849,46.90631,1.790860889,3.1126076,74.2069089,57.097,3.199,10.655,2.964
427,0,2.541688,0,7.175238,43.38544,1.826062086,3.1161525,74.971276,54.073,3.226,7.064,2.904
428,0,2.469959,0,7.592889,39.98098,1.875563769,3.1170471,75.7266992,51.149,3.267,4.866,2.847
429,0,2.423782,0,7.866261,36.33581,1.894264405,3.1446223,76.5739702,48.337,3.32,3.515,2.791
430,0,2.352875,0,8.299098,33.18135,2.008668295,3.1814594,77.3981933,45.647,3.387,2.581,2.738
431,0,2.297565,0,8.428191,29.95779,2.075770576,3.210929,78.3545122,43.081,3.467,1.889,2.686
432,0,2.237022,0,8.754717,27.16095,2.163773568,3.2467136,79.3194312,40.644,3.559,1.356,2.636
433,0,2.190845,0,9.005308,24.38312,2.321078917,3.3208087,80.2695581,38.334,3.663,0.934,2.588
434,0,2.138511,0,9.560404,21.87338,2.434382769,3.3974298,81.1715251,36.15,3.779,0.597,2.54
435,0,2.07181,0,10.12233,19.46614,2.579587706,3.4862598,82.169812,34.089,3.907,0.324,2.494
436,0,2.030662,0,10.23624,17.38822,2.715992344,3.6064539,83.062835,32.148,4.047,0.104,2.45
437,0,1.96509,0,10.77463,15.42625,2.927199525,3.7039142,83.8130981,30.323,4.198,0,2.406
438,0,1.925994,0,11.22265,13.61781,3.06910435,3.847684,84.4312654,28.609,4.36,0,2.363
439,0,1.910601,0,11.96,11.80844,3.271511231,4.0015577,84.9964568,27.002,4.534,0,2.322
440,0,1.851084,0,12.30855,10.47774,3.477218225,4.1726922,85.4501923,25.497,4.723,0,2.281
441,0,1.829535,0,13.01476,9.118275,3.675224958,4.3674024,85.715416,24.09,4.928,0,2.241
442,0,1.79875,0,13.24332,8.149351,3.906232812,4.5774789,85.9954317,22.774,5.152,0,2.203
443,0,1.749495,0,13.98674,6.985158,4.147141003,4.7839769,86.2076794,21.542,5.398,0,2.165
444,0,1.724867,0,14.28365,6.164193,4.441951026,5.0201551,86.3752073,20.385,5.667,0,2.128
445,0,1.701368,0,14.98986,5.343228,4.726860713,5.3070632,86.5011111,19.296,5.961,0,2.091
446,0,1.680845,0,15.62697,4.739796,5.079972719,5.579868,86.594335,18.27,6.282,0,2.056
447,0,1.648008,0,16.56858,3.988868,5.408883902,5.9074021,86.7253989,17.301,6.631,0,2.021
448,0,1.606859,0,17.03255,3.570965,5.780696544,6.2698789,86.636303,16.386,7.01,0,1.988
449,0,1.601831,0,18.02656,2.972635,6.15910941,6.6386705,86.641119,15.52,7.42,0,1.955
450,0,1.547444,1.832702,18.74872,2.657236,6.614524894,7.0720849,86.6909989,14.7,7.861,0,1.922
451,0,1.521688,1.791748,19.72071,2.138219,7.1029415,7.5044468,86.7381268,13.922,8.335,0,1.891
452,0,1.483823,1.730316,20.78382,1.896568,7.607858667,7.9860651,86.7333109,13.185,8.842,0,1.86
453,0,1.461247,1.668885,21.93046,1.729592,8.17206785,8.4891541,86.8853587,12.485,9.382,0,1.83
454,0,1.408811,1.617692,23.13785,1.544063,8.765098013,9.0817046,86.9944066,11.821,9.956,0,1.801
455,0,1.422253,1.576738,24.25336,1.372449,9.425120454,9.6870954,87.3081342,11.189,10.563,0,1.773
456,0,1.392495,1.505068,25.43037,1.18692,10.07194245,10.3467946,87.6583258,10.588,11.204,0,1.745
457,0,1.349396,1.464114,26.87392,1.075603,10.83096825,11.0140718,88.1044933,10.017,11.878,0,1.719
458,0,1.314507,1.412921,28.218,0.992115,11.58999406,11.7249219,88.6583327,9.474,12.585,0,1.693
459,0,1.306195,1.35149,29.59245,0.8205009,12.41282204,12.5062886,89.0577162,8.958,13.325,0,1.668
460,0,1.272434,1.300297,30.9669,0.7050093,13.25435065,13.3026007,89.5007878,8.466,14.096,0,1.644
461,0,1.237442,1.259343,32.40894,0.5004638,14.09477922,14.1382758,90.137531,7.998,14.898,0,1.621
462,0,1.215996,1.197911,33.51077,0.6539889,15.03641124,14.9802659,90.4646747,7.552,15.729,0,1.598
463,0,1.187263,1.167196,34.80853,0.4545455,15.90544078,15.8576195,90.8922662,7.128,16.589,0,1.577
464,0,1.140984,1.13648,36.06224,0.3752319,16.89217433,16.7242377,91.05257,6.725,17.479,0,1.557
465,0,1.121487,1.085287,37.53541,0.3242115,17.74250325,17.5919085,91.2397058,6.341,18.398,0,1.538
466,0,1.096859,1.06481,38.31679,0.3061225,18.72483664,18.5046257,91.5850814,5.976,19.346,0,1.519
467,0,1.073257,1.034094,39.77477,0.2133581,19.58616593,19.3748224,91.7773772,5.628,20.325,0.051,1.503
468,0,1.071308,1.013617,40.67842,0.2040816,20.6235012,20.2711208,92.1829528,5.297,21.336,0.101,1.487
469,0,1.038368,1.003379,41.85543,0.1850649,21.35832618,21.1792071,92.5193844,4.983,22.379,0.151,1.473
470,0,1.037444,0.9931402,42.74465,0.1943414,22.3351594,22.0990812,92.830016,4.684,23.457,0.201,1.46
471,0,1.005634,0.9829016,43.73866,0.1479592,23.2998922,23.0578973,93.3422314,4.4,24.571,0.25,1.449
472,0,0.9974244,0.9829016,44.87011,0.2175325,24.26022485,24.0988075,93.751935,4.131,25.725,0.298,1.44
473,0,0.9788509,0.9829016,45.97195,0.0923,25.34046158,25.1984465,94.5830381,3.875,26.922,0.345,1.432
474,0,0.9563781,0.9829016,46.84446,0.1159555,26.28209359,26.3121889,95.3205732,3.632,28.166,0.391,1.427
475,0,0.9603801,1.003379,47.97591,0.1762523,27.74184322,27.4770821,95.9831165,3.402,29.463,0.436,1.424
476,0,0.9306216,1.013617,49.22127,0.1572356,28.91338306,28.6756549,96.5613798,3.183,30.82,0.479,1.423
477,0,0.9122534,1.034094,50.55775,0.1340445,30.3676325,30.0154716,97.0027314,2.977,32.247,0.521,1.425
478,0,0.9050702,1.044333,52.06965,0.2272727,31.83288232,31.3698125,97.3842269,2.781,33.757,0.562,1.429
479,0,0.8936799,1.075049,53.83897,0.0649,33.47963831,32.8605559,97.7794825,2.596,35.37,0.601,1.437
480,0,0.8948087,1.095526,55.54754,0.106679,35.19789673,34.4249734,98.0539942,2.422,37.116,0.64,1.447
481,0,0.8855733,1.126241,57.78691,0.1205937,37.07786065,36.1478956,98.4946577,2.257,39.027,0.678,1.461
482,0,0.8824948,1.156957,59.74683,0.0881,39.12723033,37.8661867,98.7598814,2.101,41.133,0.715,1.479
483,0,0.8753117,1.187673,62.48814,0.1020408,41.18210019,39.8478103,99.0330171,1.955,43.474,0.753,1.5
484,0,0.8475029,1.218388,65.00163,0.1989796,43.57028139,41.8734278,99.1716489,1.817,46.099,0.79,1.525
485,0,0.8537624,1.259343,67.88722,0.1340445,45.73955514,43.8173724,99.3783927,1.688,49.065,0.827,1.554
486,0,0.8629978,1.300297,70.8176,0.1479592,48.323543,45.8838264,99.6267604,1.567,52.409,0.864,1.588
487,0,0.8455532,1.341251,74.07528,0.1989796,50.71062416,47.9490175,99.8837281,1.453,56.025,0.901,1.626
488,0,0.8218489,1.371967,77.32536,0.1437848,53.30121224,50.0424152,99.985552,1.347,59.314,0.94,1.668
489,0,0.8414485,1.433398,80.61342,0.0737,55.80929752,52.18107,100,1.248,61.523,0.979,1.716
490,0,0.835189,1.484591,83.64404,0.1020408,58.25138055,54.2584699,99.9222561,1.156,62.818,1.019,1.767
491,0,0.8404224,1.525545,87.12877,0.0551948,60.61866103,56.192521,99.5823845,1.07,63.628,1.06,1.824
492,0,0.8435009,1.586977,89.86324,0.1108534,62.74173322,57.9575427,99.2672808,0.99,64.955,1.102,1.884
493,0,0.8578671,1.648408,92.58936,0.0969,64.76140189,59.5025944,98.9655932,0.917,67.145,1.146,1.95
494,0,0.850684,1.709839,95.01856,0.0737,66.34545575,60.7836822,98.5940736,0.849,67.911,1.192,2.019
495,0,0.8618691,1.781509,97.03165,0.0551948,67.71060216,61.8774273,98.4636977,0.786,67.424,1.24,2.092
496,0,0.8587905,1.84294,98.47367,0.0551948,68.5323301,62.5164977,98.3501778,0.729,66.484,1.29,2.17
497,0,0.8804425,1.91461,99.68942,-0.0227,68.97454513,62.8996032,98.1368981,0.677,65.373,1.343,2.251
498,0,0.8978872,1.996519,100,0.0649,68.94594416,62.9330723,97.9122663,0.63,64.206,1.398,2.336
499,0,0.9245672,2.078428,99.89369,-0.0551948,68.42782655,62.5106038,97.5668907,0.587,63.035,1.457,2.425
500,1.00239562,0.9234385,2.160336,98.89133,-0.00417,67.48289442,61.9361561,97.4753868,0.548,61.878,1.518,2.518
501,0.897722688,0.9624324,2.262721,97.30502,-0.00881,66.16383957,61.1360551,97.286531,0.514,60.72,1.583,2.614
502,0.917304148,0.9870602,2.365107,94.88188,0.0835,64.45119134,60.1020913,97.2593551,0.483,59.545,1.652,2.715
503,0.958262615,1.011688,2.447016,92.24765,-0.0325,62.65153015,58.7940598,97.2411231,0.456,58.34,1.724,2.82
504,0.975785053,1.049758,2.55964,88.66344,0.1298701,60.54165842,57.4944481,96.9521634,0.433,57.089,1.801,2.929
505,1.031801248,1.092754,2.651787,84.88181,0.0969,58.70349592,56.1224253,96.7467956,0.413,55.769,1.883,3.041
506,1.077772567,1.122615,2.743934,80.49951,0.1298701,56.73002882,54.7632429,96.8682275,0.396,54.342,1.969,3.158
507,1.081009723,1.154426,2.887274,75.85296,0.0227,55.11297384,53.487628,96.9146674,0.381,52.736,2.061,3.28
508,1.108146931,1.193318,2.999898,70.86317,0.0969,53.706026,52.3564144,96.9893154,0.37,50.879,2.158,3.405
509,1.178260001,1.22205,3.102283,65.82934,0.0366,52.66429059,51.4039131,97.1021472,0.361,48.803,2.261,3.535
510,1.21865101,1.290802,3.255862,60.68085,0.0274,51.9910677,50.6953785,97.2755231,0.355,46.803,2.37,3.669
511,1.238616826,1.301064,3.388963,55.57792,0.0417,51.66325655,50.2070243,97.282747,0.35,45.705,2.486,3.808
512,1.332366276,1.369817,3.522064,50.81594,0.0551948,51.7204585,50.0546241,97.3804429,0.348,46.031,2.609,3.951
513,1.387529196,1.40368,3.69612,46.03194,0.0366,52.1351726,50.0148401,97.335035,0.347,47.089,2.74,4.099
514,1.437976145,1.466378,3.859937,41.36185,0.1159555,52.80509537,50.1853431,97.308547,0.348,48.399,2.879,4.252
515,1.454298871,1.49706,4.003276,37.13978,0.1108534,53.82152993,50.6482271,97.2297711,0.351,49.803,3.026,4.409
516,1.56003583,1.582334,4.197809,33.03161,0.1298701,54.95676853,51.4030712,97.347075,0.354,51.243,3.182,4.571
517,1.571331206,1.637746,4.371864,29.31908,0.0923,56.3736167,52.2587435,97.5434987,0.359,52.695,3.348,4.738
518,1.624111909,1.679819,4.535682,25.77209,0.1669759,57.83776648,53.2861819,97.3573949,0.365,54.151,3.524,4.909
519,1.722903136,1.751547,4.750691,22.5911,0.0459,59.44602116,54.4274994,97.1902111,0.371,55.606,3.711,5.086
520,1.779564571,1.824507,4.934985,19.6144,0.1298701,61.08617693,55.7090082,97.0309393,0.379,57.058,3.909,5.268
521,1.813650579,1.895312,5.109041,17.18443,-0.051,62.69663169,57.0418785,96.9401234,0.386,58.506,4.117,5.456
522,1.874216143,1.959857,5.334289,14.65574,0.00417,64.36318835,58.3846421,96.8785475,0.394,59.949,4.335,5.649
523,1.89997839,2.051287,5.518583,12.77252,0.0366,65.85043891,59.7219328,96.9170754,0.402,61.384,4.564,5.849
524,1.967094906,2.110805,5.713115,11.01838,0.1205937,67.43559281,61.2389883,96.8052756,0.41,62.812,4.802,6.056
525,2.051585653,2.182533,5.979318,9.294626,0.0551948,68.78203859,62.8013009,96.6353398,0.418,64.23,5.049,6.271
526,2.104304011,2.262676,6.194328,8.01054,0.1205937,70.21098717,64.4196057,96.416212,0.425,65.638,5.305,6.493
527,2.214723941,2.359032,6.399099,7.046146,0.00417,71.47823026,66.0000211,96.445108,0.432,67.033,5.571,6.723
528,2.294159416,2.41547,6.696017,5.854703,0.0274,72.75537368,67.401303,96.1836683,0.438,68.414,5.844,6.963
529,2.322789761,2.513058,6.931504,5.185703,-0.0325,73.93351374,68.6472377,95.9346126,0.443,69.778,6.125,7.211
530,2.411367848,2.611569,7.17723,4.494681,0.1020408,75.06435219,69.9262206,95.526285,0.447,71.123,6.414,7.469
531,2.51028952,2.693559,7.515102,3.857574,0.0274,76.19079049,71.2550914,95.2180613,0.45,72.442,6.71,7.737
532,2.693657398,2.781808,7.781304,3.180979,0.0551948,77.12252217,72.5513351,94.5778781,0.452,73.732,7.013,8.015
533,2.786073756,2.899919,8.067984,2.86964,0.1391466,78.05975403,73.6766548,93.765695,0.451,74.984,7.321,8.303
534,2.896269634,3.00038,8.446811,2.354031,0.0459,78.82428003,74.7470346,92.7808241,0.45,76.187,7.634,8.602
535,2.957653041,3.09181,8.764206,2.050285,0.1391466,79.60750666,75.7422668,91.7777212,0.446,77.333,7.952,8.912
536,3.032433477,3.208792,9.09184,1.700977,0.1479592,80.205927,76.6244619,90.3883068,0.44,78.41,8.274,9.233
537,3.215486125,3.303096,9.542336,1.442793,0.0969,80.77904649,77.4304569,89.1471561,0.432,79.406,8.598,9.565
538,3.324322947,3.398529,9.890448,1.108673,0.2175325,81.29276395,78.1773021,87.9589815,0.421,80.308,8.924,9.908
539,3.480901818,3.525772,10.25904,1.077539,0.1108534,81.74047918,78.8963616,86.6899669,0.408,81.106,9.249,10.263
540,3.586755128,3.624283,10.74025,0.8649166,0.1530612,82.1881944,79.539221,85.3163764,0.392,81.796,9.574,10.63
541,3.815908276,3.747524,11.11907,0.7821459,0.1572356,82.53250611,80.1048277,83.7274422,0.372,82.38,9.895,11.008
542,4.009954152,3.861325,11.50814,0.6522945,0.1669759,82.88561811,80.7489501,82.145732,0.35,82.866,10.21,11.398
543,4.14787984,3.971124,11.99959,0.7358245,0.0783859,83.22662971,81.3375012,80.5299658,0.324,83.271,10.516,11.8
544,4.293229519,4.107603,12.41937,0.4320786,0.231911,83.51153939,81.7258691,78.7838238,0.295,83.614,10.81,12.213
545,4.627982653,4.211245,12.84939,0.4092976,0.1530612,83.74474732,82.1952785,77.1911056,0.261,83.918,11.086,12.638
546,4.728349847,4.338488,13.40227,0.1974349,0.1989796,83.9735551,82.6101691,75.4054035,0.224,84.207,11.337,13.075
547,4.942875993,4.486255,13.84253,0.3113396,0.25,84.14626097,82.8467683,73.2726059,0.182,84.498,11.554,13.524
548,5.125199639,4.636176,14.30327,0.3181739,0.2458256,84.3794689,83.0774736,71.0152805,0.136,84.81,11.724,13.983
549,5.40510576,4.764343,14.8971,0.5543364,0.1669759,84.63137747,83.3599613,68.6547551,0.086,85.157,11.837,14.453
550,5.655972903,4.900822,15.38855,0.4556189,0.2272727,84.90638682,83.632766,66.5560134,0.03,85.556,11.886,14.933
551,5.83229305,5.061005,15.89024,0,0,85.24299826,83.9510383,64.282176,0,86.021,11.866,15.421
552,6.081441779,5.206617,16.54551,0,0,85.676413,84.2829929,61.8910347,0,86.57,11.776,15.918
553,6.261153481,5.377985,17.06768,0,0,86.21323125,84.5997916,59.4132054,0,87.223,11.628,16.423
554,6.479297625,5.55356,17.58984,0,0,86.79735111,84.8317599,57.111504,0,88.003,11.447,16.934
555,6.653517083,5.696094,18.25535,0,0,87.58387785,85.1254039,54.7901946,0,88.935,11.266,17.453
556,6.816768147,5.892192,18.77752,0,0,88.40450575,85.5325061,52.5170452,0,90.033,11.118,17.977
557,7.061020241,6.067665,19.32016,0,0,89.47154203,86.427331,50.6119753,0,91.268,11.024,18.507
558,7.316279123,6.237904,20.01638,0,0,90.62768134,87.401724,48.6463615,0,92.597,10.991,19.043
559,7.45868244,6.421586,20.55902,0,0,92.00272809,88.7225958,46.5324839,0,93.973,11.019,19.583
560,7.684790896,6.651445,21.12215,0,0,93.4382769,90.060939,44.645646,0,95.341,11.104,20.128
561,7.997885469,6.834204,21.85932,0,0,95.02453083,91.4948481,42.869232,0,96.639,11.237,20.677
562,8.036084008,7.058933,22.44292,0,0,96.70098783,93.104733,41.10417,0,97.803,11.408,21.229
563,8.333082609,7.241486,23.047,0,0,98.13763668,94.6466273,39.3298199,0,98.762,11.609,21.785
564,8.648608384,7.466317,23.81489,0,0,99.40707984,96.0607496,37.6576378,0,99.447,11.833,22.343
565,8.861047511,7.690019,24.43944,0,0,100,97.379727,36.2668474,0,99.789,12.077,22.904
566,8.934440396,7.923982,25.06399,0,0,99.95049832,98.5599865,34.4660094,0,99.75,12.338,23.467
567,9.221956467,8.14553,25.8626,0,0,98.9263635,99.4192374,32.8794832,0,99.354,12.615,24.032
568,9.590905813,8.396015,26.47691,0,0,96.63278551,99.8934883,31.3332049,0,98.623,12.905,24.598
569,9.919851466,8.64219,27.15266,0,0,93.12586628,100,29.9537664,0,97.559,13.207,25.164
570,10.23817007,8.886415,28.00246,0,0,88.3088025,99.1415911,28.7274078,0,96.146,13.521,25.73
571,10.64970741,9.13064,28.66796,0,0,82.18379425,97.4357193,27.5674411,0,94.324,13.845,26.296
572,11.11323002,9.396415,29.40514,0,0,75.41086397,95.007841,26.4435944,0,91.93,14.18,26.86
573,11.59026052,9.671527,30.32661,0,0,67.49279476,92.0682433,25.4518435,0,88.185,14.524,27.422
574,12.02875815,9.931145,31.04331,0,0,60.12254417,88.4824182,24.4518366,0,73.028,14.879,27.981
575,12.48989972,10.21118,31.83168,0,0,51.85466306,84.0602865,23.6300215,0,65.996,15.243,28.535
576,12.96854899,10.47696,32.82482,0,0,44.91452709,79.1630619,22.8106145,0,60.396,15.618,29.082
577,13.52106665,10.77157,33.58247,0,0,37.80058522,73.6501321,22.1511672,0,55.192,16.004,29.623
578,14.18725632,11.03827,34.43227,0,0,31.86918355,67.7776725,21.423608,0,50.047,16.402,30.16
579,14.91720988,11.30927,35.53804,0,0,26.43059864,61.6974519,20.6788488,0,44.746,16.815,30.694
580,15.50614299,11.62317,36.40831,0,0,21.75543968,55.7584751,20.0396976,0,39.421,17.246,31.229
581,16.09709217,11.89716,37.40145,0,0,17.94821024,49.8767537,19.5144101,0,34.452,17.703,31.768
582,17.08076758,12.20613,38.69151,0,0,14.6205971,43.9495648,18.9705468,0,30.42,18.192,32.317
583,17.75690893,12.51911,39.73584,0,0,12.08391085,38.3661183,18.5064913,0,27.806,18.701,32.883
584,18.6437721,12.80018,40.8928,0,0,9.800233208,33.2731311,18.1463237,0,26.264,19.143,33.474
585,19.28227416,13.11726,42.35692,0,0,8.112775834,28.4697883,17.8078281,0,25.283,19.15,34.102
586,20.36357881,13.41895,43.51387,0,0,6.582623809,24.2571017,17.4552284,0,24.593,18.66,34.779
587,21.2129105,13.7309,44.78345,0,0,5.474886146,20.5729742,17.2326607,0,24.067,18.053,35.519
588,22.08391275,14.03362,46.36019,0,0,4.476052186,17.416985,17.0551569,0,23.636,17.436,36.334
589,22.99073984,14.34659,47.53763,0,0,3.726926716,14.6708345,16.8477251,0,23.269,16.815,37.238
590,24.00092581,14.67291,48.74578,0,0,3.0647042,12.4648206,16.5721814,0,22.95,16.189,38.236
591,24.68159905,15.01062,50.12798,0,0,2.557586958,10.5810784,16.3840136,0,22.668,15.557,39.333
592,25.58028119,15.34299,51.10064,0,0,2.127472334,9.0088725,16.1982539,0,22.416,14.921,40.52
593,26.2576012,15.69086,52.07331,0,0,1.767760104,7.7340995,15.9801581,0,22.189,14.28,41.78
594,27.109522,16.03986,53.17907,0,0,1.496050866,6.7138181,15.8669822,0,21.983,13.632,43.096
595,27.76374519,16.40507,53.96745,0,0,1.233141927,5.9267679,15.7637823,0,21.796,12.978,44.452
596,28.47940256,16.77756,54.75581,0,0,1.046025565,5.2801196,15.6282465,0,21.625,12.316,45.835
597,29.13430088,17.17058,55.67728,0,0,0.861329285,4.7650322,15.5501586,0,21.464,11.646,47.233
598,29.72516514,17.5832,56.35303,0,0,0.713924273,4.3629819,15.6093265,0,21.291,10.966,48.635
599,30.23232558,17.9875,57.04925,0,0,0.592920159,4.0339743,15.6626465,0,21.072,10.275,50.031
600,30.52295985,18.42044,57.84785,0,0,0.458715596,3.7500132,15.7627503,0,20.768,9.568,51.411
601,30.84954172,18.86168,58.45193,0,0,0.390513277,3.5115195,15.9994221,0,20.333,8.843,52.768
602,31.31633746,19.33372,59.08672,0,0,0.288209799,3.3532253,16.2804698,0,19.734,8.098,54.093
603,31.45997482,19.80883,59.84438,0,0,0.233207929,3.2363992,16.6592133,0,18.956,7.335,55.379
604,31.89654846,20.34448,60.41773,0,0,0.178206059,3.1618831,17.1218928,0,18.015,6.559,56.62
605,31.89310185,20.86998,61.02181,0,0,0.126504301,3.1513582,17.6506202,0,16.959,5.776,57.809
606,31.89437354,21.42307,61.76922,0,0,0.093503179,3.1307295,18.2969955,0,15.83,4.995,58.941
607,31.91447641,22.01517,62.3221,0,0,0.047301608,3.0871565,18.8542749,0,14.659,4.233,60.017
608,32.35316011,22.59176,62.93642,0,0,0.034101159,3.0585288,19.5446821,0,13.473,3.509,61.043
609,32.38420597,23.24553,63.70431,0,0,-0.001100037,3.0345321,20.2402493,0,12.294,2.85,62.022
610,32.5154217,23.90022,64.30838,0,0,-0.033001122,3.086525,20.9289366,0,11.145,2.283,62.96
611,32.76851036,24.5744,64.97389,0,0,-0.037401272,3.0972604,21.6506477,0,10.047,1.83,63.859
612,32.47055374,25.28337,65.79298,0,0,-0.058301982,3.1522002,22.354127,0,9.018,1.487,64.725
613,32.88845424,26.00271,66.40729,0,0,-0.08030273,3.1930367,23.0424702,0,8.065,1.24,65.56
614,33.0072532,26.75088,67.05232,0,0,-0.08030273,3.2094555,23.6654535,0,7.189,1.073,66.368
615,33.34367175,27.50705,67.91235,0,0,-0.105603591,3.2157705,24.132261,0,6.387,0.972,67.152
616,33.47443054,28.31259,68.51643,0,0,-0.100103404,3.2486081,24.6551404,0,5.658,0.918,67.915
617,34.26542076,29.10489,69.12051,0,0,-0.11000374,3.2987065,25.1990038,0,4.997,0.896,68.66
618,34.7476994,29.93812,69.87816,0,0,-0.124304226,3.3523834,25.7834591,0,4.399,0.887,69.39
619,35.62704273,30.77341,70.39009,0,0,-0.108903703,3.4645785,26.2144906,0,3.858,0.873,70.108
620,36.62007874,31.63631,70.86106,0,0,-0.140804787,3.5212024,26.5154903,0,3.371,0.836,70.816
621,37.60034733,32.51983,71.39347,0,0,-0.146304974,3.6129793,26.8825379,0,2.931,0.76,71.516
622,38.50904704,33.43219,71.73135,0,0,-0.154005236,3.6965468,27.1154256,0,2.539,0.626,72.212
623,39.8923946,34.28893,72.02826,0,0,-0.166105648,3.7420142,27.4790332,0,2.194,0.419,72.905
624,41.5543651,35.20836,72.33541,0,0,-0.147405012,3.8790481,27.9166007,0,1.893,0.123,73.598
625,42.70176568,36.11969,72.51971,0,0,-0.168305722,3.9068338,28.2650723,0,1.632,0,74.293
626,44.42348059,37.0104,72.66305,0,0,-0.181506171,3.9912433,28.6214559,0,1.406,0,74.991
627,46.71859939,37.93281,72.79615,0,0,-0.16500561,4.0876512,28.7655918,0,1.212,0,75.693
628,49.14671345,38.8349,72.8883,0,0,-0.179306096,4.1830065,29.0263435,0,1.044,0,76.403
629,51.22993003,39.73884,72.97021,0,0,-0.173805909,4.2657321,29.2158873,0,0.9,0,77.122
630,54.03071797,40.62442,73.1033,0,0,-0.172705872,4.315199,29.2151993,0,0.777,0,77.853
631,56.66181761,41.49881,73.23641,0,0,-0.181506171,4.3783482,29.2630152,0,0.67,0,78.598
632,59.16806498,42.34846,73.40022,0,0,-0.174905947,4.4229737,29.1501833,0,0.58,0,79.362
633,62.01506188,43.158,73.71762,0,0,-0.184806283,4.4943324,29.0063915,0,0.503,0,80.147
634,65.00948697,43.98611,74.02477,0,0,-0.200206807,4.5303274,28.8106557,0,0.438,0,80.959
635,67.8039267,44.75788,74.44456,0,0,-0.181506171,4.6124215,28.3978562,0,0.383,0,81.806
636,70.51513344,45.5275,75.17149,0,0,-0.196906695,4.7448244,28.2812403,0,0.338,0,82.697
637,73.64252024,46.20671,75.84724,0,0,-0.19470662,4.7620852,27.7831289,0,0.301,0,83.644
638,77.06051222,46.88192,76.69704,0,0,-0.189206433,4.9056445,27.5254732,0,0.271,0,84.67
639,80.40951796,47.46581,78.07925,0,0,-0.195806657,5.0218391,27.2918974,0,0.247,0,85.808
640,82.79364899,48.07329,79.31811,0,0,-0.204606957,5.1207729,27.0025938,0,0.229,0,87.094
641,85.37153692,48.58226,80.77199,0,0,-0.22440763,5.2512814,26.8474499,0,0.215,0,88.559
642,87.96065674,49.05327,82.9528,0,0,-0.231007854,5.3893678,26.6685701,0,0.205,0,90.242
643,90.80374453,49.48641,84.78551,0,0,-0.218907443,5.5245072,26.6400182,0,0.199,0,92.165
644,93.25189581,49.87009,86.83321,0,0,-0.225507667,5.6049172,26.751474,0,0.197,0,89.439
645,95.0436856,50.21395,89.67953,0,0,-0.251908565,5.7099555,26.767986,0,0.197,0,91.518
646,96.65582145,50.51564,91.88083,0,0,-0.247508415,5.8520413,27.0882497,0,0.2,0,94.235
647,98.255504,50.79065,94.11283,0,0,-0.226607705,6.0511719,27.5326972,0,0.206,0,96.662
648,99.1993823,51.02257,96.66223,0,0,-0.243108266,6.2094661,28.0256486,0,0.214,0,98.504
649,99.77308121,51.2278,98.20825,0,0,-0.250808527,6.2862977,28.7631838,0,0.224,0,99.63
650,100,51.44329,99.36521,0,0,-0.239808153,6.4986897,29.451871,0,0.235,0,100.15
651,99.55604064,51.62492,100,0,0,0,6.6260406,30.4467179,0,0.248,0,100.184
652,99.04607403,51.80132,99.69284,0,0,0,6.7338154,31.7174525,0,0.263,0,99.845
653,97.46512309,51.99741,98.57684,0,0,0,6.8872681,33.1481469,0,0.28,0,99.237
654,95.90307843,52.19741,95.87386,0,0,0,7.0925031,34.5857213,0,0.297,0,98.411
655,93.90806182,52.43045,92.90468,0,0,0,7.2421669,36.3724553,0,0.315,0,97.441
656,91.41594287,52.68073,89.01403,0,0,0,7.4299306,38.2703011,0,0.335,0,96.398
657,88.78969118,52.98868,82.89137,0,0,0,7.7208382,40.2538029,0,0.355,0,95.33
658,85.39680771,53.32116,77.70042,0,0,0,7.950912,42.3140166,0,0.377,0,94.257
659,81.79995571,53.72125,71.92587,0,0,0,8.1517266,44.7313019,0,0.398,0,93.179
660,78.12666237,54.16979,64.10361,0,0,0,8.3327545,47.2672671,0,0.421,0,92.092
661,74.32289234,54.71047,58.21644,0,0,0,8.5093619,49.8661842,0,0.444,0,90.994
662,70.16907752,55.29138,52.32927,0,0,0,8.7255428,52.5803411,0,0.467,0,89.879
663,65.2883541,55.98085,45.25443,0,0,0,8.8878364,55.8170335,0,0.491,0,88.737
664,61.39329582,56.75058,40.40135,0,0,0,9.0833886,59.1214938,0,0.515,0,87.548
665,57.28497732,57.61142,35.76328,0,0,0,9.34209,62.6973698,0,0.539,0,86.284
666,52.86531733,58.56779,30.35732,0,0,0,9.5957395,66.6131174,0,0.563,0,85.233
667,48.19236645,59.6114,26.77383,0,0,0,9.8474946,70.8659846,0,0.587,0,84.981
668,44.65589794,60.7454,23.45654,0,0,0,10.0413628,75.0638119,0,0.611,0,85.234
669,40.85317696,61.97474,19.7297,0,0,0,10.2539652,78.8037757,0,0.635,0,85.672
670,37.14418023,63.28104,17.34412,0,0,0,10.4543589,82.3283958,0,0.659,0,86.232
671,33.48834683,64.67251,15.18378,0,0,0,10.6623304,85.1725846,0,0.682,0,86.912
672,30.38139964,66.14812,12.80844,0,0,0,10.868197,87.4257821,0,0.705,0,87.744
673,27.54223281,67.71198,11.30337,0,0,0,11.0753265,88.8551005,0,0.728,0,88.826
674,24.58323985,69.33012,9.962117,0,0,0,11.3807584,89.3621559,0,0.749,0,90.57
675,22.32449298,71.06023,8.477527,0,0,0,11.7137655,89.271684,0,0.771,0,93.658
676,19.86024557,72.79443,7.545818,0,0,0,12.1042384,88.0845413,0,0.791,0,95.923
677,17.70976448,74.61381,6.706255,0,0,0,12.4098808,85.9981837,0,0.81,0,97.198
678,15.4694045,76.40353,5.75407,0,0,0,12.6546894,83.4942105,0,0.829,0,98.059
679,13.60542672,78.32952,5.139756,0,0,0,12.8536095,80.5774377,0,0.846,0,98.65
680,12.07421442,80.13874,4.576636,0,0,0,12.9072864,77.4556412,0,0.862,0,99.027
681,10.84389639,82.04328,3.931607,0,0,0,13.1480955,74.1814529,0,0.877,0,99.216
682,9.756107411,83.94054,3.491349,0,0,0,13.3966931,70.6874488,0,0.89,0,99.23
683,8.295038365,85.78568,3.081806,0,0,0,13.5848779,67.3898685,0,0.902,0,99.075
684,7.404896856,87.6932,2.63131,0,0,0,13.7438035,64.0733682,0,0.912,0,98.769
685,6.544550257,89.25193,2.334391,0,0,0,13.8791534,60.9096038,0,0.919,0,98.33
686,5.833301487,90.89389,2.05795,0,0,0,14.0671277,57.9319431,0,0.925,0,97.772
687,5.243478167,92.50188,1.750794,0,0,0,14.1399598,55.2931221,0,0.928,0,97.1
688,4.726861321,93.98969,1.546022,0,0,0,14.3131992,52.7292929,0,0.928,0,96.311
689,4.279172768,95.31252,1.361728,0,0,0,14.3828739,50.4485755,0,0.925,0,95.396
690,3.890821107,96.53867,1.156957,0,0,0,14.5142244,48.0137462,0,0.919,0,94.328
691,3.613659932,97.59469,1.023856,0,0,0,14.6171577,46.0047885,0,0.909,0,93.047
692,3.206634037,98.48529,0.8907546,0,0,0,14.8912254,43.8506629,0,0.895,0,91.383
693,2.976715897,99.17282,0.7474148,0,0,0,15.1629777,41.4956415,0,0.876,0,89.044
694,2.814064693,99.6665,0.6655063,0,0,0,15.3726332,39.4326758,0,0.852,0,86.017
695,2.523126317,99.95167,0.5835978,0,0,0,15.4349405,37.456398,0,0.821,0,82.699
696,2.176888926,100,0.4914508,0,0,0,15.6294402,35.5031682,0,0.784,0,79.37
697,2.000117679,99.8194,0.4197809,0,0,0,15.8647764,33.5478744,0,0.738,0,76.111
698,1.908172057,99.37508,0.3685881,0,0,0,16.113374,31.5107087,0,0.683,0,72.913
699,1.71211837,98.68139,0.3071567,0,0,0,16.3087156,29.6513908,0,0.616,0,69.762
700,1.639323224,97.7403,0.2662025,0,0,0,16.4360666,27.5316652,0,0.534,0,66.653
701,0,96.5357,0,0,0,0,16.4733247,25.7218832,0,0.434,0,63.584
702,0,95.12052,0,0,0,0,16.5543662,24.0407571,0,0.31,0,60.554
703,0,93.40284,0,0,0,0,16.5975182,22.2708791,0,0,0,57.566
704,0,91.53216,0,0,0,0,16.6427752,20.4724491,0,0,0,54.621
705,0,89.36378,0,0,0,0,16.6842432,18.6468431,0,0,0,51.726
706,0,87.03954,0,0,0,0,16.7528654,16.940605,0,0,0,48.888
707,0,84.5348,0,0,0,0,16.8183301,15.4407667,0,0,0,46.116
708,0,81.88218,0,0,0,0,17.036616,13.9306084,0,0,0,43.427
709,0,79.09605,0,0,0,0,17.0452464,12.7634177,0,0,0,40.838
710,0,76.13364,0,0,0,0,17.1041857,11.4039312,0,0,0,38.363
711,0,73.1701,0,0,0,0,17.2414301,10.1803246,0,0,0,36.02
712,0,70.03304,0,0,0,0,17.3906729,9.0664538,0,0,0,33.821
713,0,66.9125,0,0,0,0,17.6558997,8.1985428,0,0,0,31.774
714,0,63.65958,0,0,0,0,17.972067,7.3567758,0,0,0,29.882
715,0,60.49194,0,0,0,0,18.31181,6.5672966,0,0,0,28.138
716,0,57.28212,0,0,0,0,18.7193331,5.8731054,0,0,0,26.532
717,0,54.12658,0,0,0,0,19.1451696,5.2545941,0,0,0,25.047
718,0,51.01538,0,0,0,0,19.493964,0,0,0,0,23.663
719,0,48.01387,0,0,0,0,19.9814762,0,0,0,0,22.358
720,0,45.0411,0,0,0,0,20.5178239,0,0,0,0,21.116
721,0,42.15545,0,0,0,0,20.9617631,0,0,0,0,19.922
722,0,39.47933,0,0,0,0,21.5484197,0,0,0,0,18.765
723,0,36.80506,0,0,0,0,22.1258144,0,0,0,0,17.634
724,0,34.24891,0,0,0,0,22.7251008,0,0,0,0,16.52
725,0,31.74508,0,0,0,0,23.3683812,0,0,0,0,15.408
726,0,29.47728,0,0,0,0,24.1495374,0,0,0,0,14.283
727,0,27.28038,0,0,0,0,24.9149064,0,0,0,0,13.117
728,0,25.26911,0,0,0,0,25.6362813,0,0,0,0,11.891
729,0,23.30802,0,0,0,0,26.4031238,0,0,0,0,10.629
730,0,21.55442,0,0,0,0,27.2011198,0,0,0,0,9.396
731,0,19.87255,0,0,0,0,28.0614232,0,0,0,0,8.276
732,0,18.33834,0,0,0,0,28.9107806,0,0,0,0,7.318
733,0,16.91106,0,0,0,0,29.8133939,0,0,0,0,6.517
734,0,15.60066,0,0,0,0,30.7351626,0,0,0,0,5.837
735,0,14.38046,0,0,0,0,31.7581805,0,0,0,0,5.234
736,0,13.26513,0,0,0,0,32.7904602,0,0,0,0,4.683
737,0,12.24503,0,0,0,0,33.9178849,0,0,0,0,4.172
738,0,11.30712,0,0,0,0,35.0225759,0,0,0,0,3.69
739,0,10.45951,0,0,0,0,36.0510667,0,0,0,0,3.23
740,0,9.657059,0,0,0,0,37.0269332,0,0,0,0,2.786
741,0,8.929616,0,0,0,0,38.2339259,0,0,0,0,2.353
742,0,8.254302,0,0,0,0,39.4291307,0,0,0,0,1.926
743,0,7.634606,0,0,0,0,40.5963394,0,0,0,0,1.524
744,0,7.074222,0,0,0,0,41.8165935,0,0,0,0,1.185
745,0,6.532514,0,0,0,0,42.8499258,0,0,0,0,0.922
746,0,6.083057,0,0,0,0,44.0053466,0,0,0,0,0.728
747,0,5.612975,0,0,0,0,45.1531896,0,0,0,0,0.586
748,0,5.220983,0,0,0,0,46.130319,0,0,0,0,0.48
749,0,4.849617,0,0,0,0,46.979887,0,0,0,0,0.4
750,0,4.510985,0,0,0,0,47.7709366,0,0,0,0,0.339
751,0,4.182512,0,0,0,0,48.5567238,0,0,0,0,0.289
752,0,3.892213,0,0,0,0,49.2456822,0,0,0,0,0.25
753,0,3.635571,0,0,0,0,49.9737931,0,0,0,0,0.217
754,0,3.376056,0,0,0,0,50.2948018,0,0,0,0,0.19
755,0,3.138911,0,0,0,0,50.5880248,0,0,0,0,0.168
756,0,2.921468,0,0,0,0,50.9393451,0,0,0,0,0.149
757,0,2.722291,0,0,0,0,51.0237546,0,0,0,0,0.134
758,0,2.530503,0,0,0,0,51.1569996,0,0,0,0,0.121
759,0,2.366215,0,0,0,0,50.8942987,0,0,0,0,0.111
760,0,2.214344,0,0,0,0,50.4293097,0,0,0,0,0.102
761,0,2.05334,0,0,0,0,49.812131,0,0,0,0,0.095
762,0,1.924967,0,0,0,0,49.5197499,0,0,0,0,0.089
763,0,1.795774,0,0,0,0,48.9699304,0,0,0,0,0.084
764,0,1.671507,0,0,0,0,48.5190448,0,0,0,0,0.08
765,0,1.587362,0,0,0,0,47.9713302,0,0,0,0,0.076
766,0,1.473561,0,0,0,0,47.276057,0,0,0,0,0.074
767,0,1.387261,0,0,0,0,46.6298296,0,0,0,0,0.071
768,0,1.299012,0,0,0,0,45.8459369,0,0,0,0,0.068
769,0,1.240623,0,0,0,0,44.8997506,0,0,0,0,0.066
770,0,1.157505,0,0,0,0,44.1025965,0,0,0,0,0.063
771,0,1.08044,0,0,0,0,43.1202046,0,0,0,0,0.059
772,0,1.026054,0,0,0,0,42.3213666,0,0,0,0,0.056
773,0,0.972694,0,0,0,0,41.3490786,0,0,0,0,0.051
774,0,0.9019918,0,0,0,0,40.4292044,0,0,0,0,0.045
775,0,0.8527363,0,0,0,0,39.2078979,0,0,0,0,0.039
776,0,0.81169,0,0,0,0,37.9343879,0,0,0,0,0.03
777,0,0.7777242,0,0,0,0,36.574153,0,0,0,0,0.02
778,0,0.7234405,0,0,0,0,35.0143665,0,0,0,0,0.008
779,0,0.7069194,0,0,0,0,33.4832076,0,0,0,0,0
780,0,0.6618711,0,0,0,0,31.8718491,0,0,0,0,0
781,0,0.6475049,0,0,0,0,30.403629,0,0,0,0,0
782,0,0.6228771,0,0,0,0,28.8512098,0,0,0,0,0
783,0,0.5940421,0,0,0,0,27.1764916,0,0,0,0,0
784,0,0.5581267,0,0,0,0,25.5543978,0,0,0,0,0
785,0,0.5560743,0,0,0,0,23.8137939,0,0,0,0,0
786,0,0.5346277,0,0,0,0,22.3144201,0,0,0,0,0
787,0,0.5110261,0,0,0,0,21.5989391,0,0,0,0,0
788,0,0.4905029,0,0,0,0,20.8041196,0,0,0,0,0
789,0,0.4811649,0,0,0,0,20.0908718,0,0,0,0,0
790,0,0.4597182,0,0,0,0,19.1403749,0,0,0,0,0
791,0,0,0,0,0,0,0,0,0,0,0,0
792,0,0,0,0,0,0,0,0,0,0,0,0
793,0,0,0,0,0,0,0,0,0,0,0,0
794,0,0,0,0,0,0,0,0,0,0,0,0
795,0,0,0,0,0,0,0,0,0,0,0,0
796,0,0,0,0,0,0,0,0,0,0,0,0
797,0,0,0,0,0,0,0,0,0,0,0,0
798,0,0,0,0,0,0,0,0,0,0,0,0
799,0,0,0,0,0,0,0,0,0,0,0,0
800,0,0,0,0,0,0,0,0,0,0,0,0
801,0,0,0,0,0,0,0,0,0,0,0,0
802,0,0,0,0,0,0,0,0,0,0,0,0
803,0,0,0,0,0,0,0,0,0,0,0,0
804,0,0,0,0,0,0,0,0,0,0,0,0
805,0,0,0,0,0,0,0,0,0,0,0,0
806,0,0,0,0,0,0,0,0,0,0,0,0
807,0,0,0,0,0,0,0,0,0,0,0,0
808,0,0,0,0,0,0,0,0,0,0,0,0
809,0,0,0,0,0,0,0,0,0,0,0,0
810,0,0,0,0,0,0,0,0,0,0,0,0
811,0,0,0,0,0,0,0,0,0,0,0,0
812,0,0,0,0,0,0,0,0,0,0,0,0
813,0,0,0,0,0,0,0,0,0,0,0,0
814,0,0,0,0,0,0,0,0,0,0,0,0
815,0,0,0,0,0,0,0,0,0,0,0,0
816,0,0,0,0,0,0,0,0,0,0,0,0
817,0,0,0,0,0,0,0,0,0,0,0,0
818,0,0,0,0,0,0,0,0,0,0,0,0
819,0,0,0,0,0,0,0,0,0,0,0,0
820,0,0,0,0,0,0,0,0,0,0,0,0
821,0,0,0,0,0,0,0,0,0,0,0,0
822,0,0,0,0,0,0,0,0,0,0,0,0
823,0,0,0,0,0,0,0,0,0,0,0,0
824,0,0,0,0,0,0,0,0,0,0,0,0
825,0,0,0,0,0,0,0,0,0,0,0,0
826,0,0,0,0,0,0,0,0,0,0,0,0
827,0,0,0,0,0,0,0,0,0,0,0,0
828,0,0,0,0,0,0,0,0,0,0,0,0
829,0,0,0,0,0,0,0,0,0,0,0,0
830,0,0,0,0,0,0,0,0,0,0,0,0
831,0,0,0,0,0,0,0,0,0,0,0,0
832,0,0,0,0,0,0,0,0,0,0,0,0
833,0,0,0,0,0,0,0,0,0,0,0,0
834,0,0,0,0,0,0,0,0,0,0,0,0
835,0,0,0,0,0,0,0,0,0,0,0,0
836,0,0,0,0,0,0,0,0,0,0,0,0
837,0,0,0,0,0,0,0,0,0,0,0,0
838,0,0,0,0,0,0,0,0,0,0,0,0
839,0,0,0,0,0,0,0,0,0,0,0,0
840,0,0,0,0,0,0,0,0,0,0,0,0
841,0,0,0,0,0,0,0,0,0,0,0,0
842,0,0,0,0,0,0,0,0,0,0,0,0
843,0,0,0,0,0,0,0,0,0,0,0,0
844,0,0,0,0,0,0,0,0,0,0,0,0
845,0,0,0,0,0,0,0,0,0,0,0,0
846,0,0,0,0,0,0,0,0,0,0,0,0
847,0,0,0,0,0,0,0,0,0,0,0,0
848,0,0,0,0,0,0,0,0,0,0,0,0
849,0,0,0,0,0,0,0,0,0,0,0,0
850,0,0,0,0,0,0,0,0,0,0,0,0
851,0,0,0,0,0,0,0,0,0,0,0,0
852,0,0,0,0,0,0,0,0,0,0,0,0
853,0,0,0,0,0,0,0,0,0,0,0,0
854,0,0,0,0,0,0,0,0,0,0,0,0
855,0,0,0,0,0,0,0,0,0,0,0,0
856,0,0,0,0,0,0,0,0,0,0,0,0
857,0,0,0,0,0,0,0,0,0,0,0,0
858,0,0,0,0,0,0,0,0,0,0,0,0
859,0,0,0,0,0,0,0,0,0,0,0,0
860,0,0,0,0,0,0,0,0,0,0,0,0
861,0,0,0,0,0,0,0,0,0,0,0,0
862,0,0,0,0,0,0,0,0,0,0,0,0
863,0,0,0,0,0,0,0,0,0,0,0,0
864,0,0,0,0,0,0,0,0,0,0,0,0
865,0,0,0,0,0,0,0,0,0,0,0,0
866,0,0,0,0,0,0,0,0,0,0,0,0
867,0,0,0,0,0,0,0,0,0,0,0,0
868,0,0,0,0,0,0,0,0,0,0,0,0
869,0,0,0,0,0,0,0,0,0,0,0,0
870,0,0,0,0,0,0,0,0,0,0,0,0
871,0,0,0,0,0,0,0,0,0,0,0,0
872,0,0,0,0,0,0,0,0,0,0,0,0
873,0,0,0,0,0,0,0,0,0,0,0,0
874,0,0,0,0,0,0,0,0,0,0,0,0
875,0,0,0,0,0,0,0,0,0,0,0,0
876,0,0,0,0,0,0,0,0,0,0,0,0
877,0,0,0,0,0,0,0,0,0,0,0,0
878,0,0,0,0,0,0,0,0,0,0,0,0
879,0,0,0,0,0,0,0,0,0,0,0,0
880,0,0,0,0,0,0,0,0,0,0,0,0
881,0,0,0,0,0,0,0,0,0,0,0,0
882,0,0,0,0,0,0,0,0,0,0,0,0
883,0,0,0,0,0,0,0,0,0,0,0,0
884,0,0,0,0,0,0,0,0,0,0,0,0
885,0,0,0,0,0,0,0,0,0,0,0,0
886,0,0,0,0,0,0,0,0,0,0,0,0
887,0,0,0,0,0,0,0,0,0,0,0,0
888,0,0,0,0,0,0,0,0,0,0,0,0
889,0,0,0,0,0,0,0,0,0,0,0,0
890,0,0,0,0,0,0,0,0,0,0,0,0
891,0,0,0,0,0,0,0,0,0,0,0,0
892,0,0,0,0,0,0,0,0,0,0,0,0
893,0,0,0,0,0,0,0,0,0,0,0,0
894,0,0,0,0,0,0,0,0,0,0,0,0
895,0,0,0,0,0,0,0,0,0,0,0,0
896,0,0,0,0,0,0,0,0,0,0,0,0
897,0,0,0,0,0,0,0,0,0,0,0,0
898,0,0,0,0,0,0,0,0,0,0,0,0
899,0,0,0,0,0,0,0,0,0,0,0,0
900,0,0,0,0,0,0,0,0,0,0,0,0
901,0,0,0,0,0,0,0,0,0,0,0,0
902,0,0,0,0,0,0,0,0,0,0,0,0
903,0,0,0,0,0,0,0,0,0,0,0,0
904,0,0,0,0,0,0,0,0,0,0,0,0
905,0,0,0,0,0,0,0,0,0,0,0,0
906,0,0,0,0,0,0,0,0,0,0,0,0
907,0,0,0,0,0,0,0,0,0,0,0,0
908,0,0,0,0,0,0,0,0,0,0,0,0
909,0,0,0,0,0,0,0,0,0,0,0,0
910,0,0,0,0,0,0,0,0,0,0,0,0
911,0,0,0,0,0,0,0,0,0,0,0,0
912,0,0,0,0,0,0,0,0,0,0,0,0
913,0,0,0,0,0,0,0,0,0,0,0,0
914,0,0,0,0,0,0,0,0,0,0,0,0
915,0,0,0,0,0,0,0,0,0,0,0,0
916,0,0,0,0,0,0,0,0,0,0,0,0
917,0,0,0,0,0,0,0,0,0,0,0,0
918,0,0,0,0,0,0,0,0,0,0,0,0
919,0,0,0,0,0,0,0,0,0,0,0,0
920,0,0,0,0,0,0,0,0,0,0,0,0
921,0,0,0,0,0,0,0,0,0,0,0,0
922,0,0,0,0,0,0,0,0,0,0,0,0
923,0,0,0,0,0,0,0,0,0,0,0,0
924,0,0,0,0,0,0,0,0,0,0,0,0
925,0,0,0,0,0,0,0,0,0,0,0,0
926,0,0,0,0,0,0,0,0,0,0,0,0
927,0,0,0,0,0,0,0,0,0,0,0,0
928,0,0,0,0,0,0,0,0,0,0,0,0
929,0,0,0,0,0,0,0,0,0,0,0,0
930,0,0,0,0,0,0,0,0,0,0,0,0
931,0,0,0,0,0,0,0,0,0,0,0,0
932,0,0,0,0,0,0,0,0,0,0,0,0
933,0,0,0,0,0,0,0,0,0,0,0,0
934,0,0,0,0,0,0,0,0,0,0,0,0
935,0,0,0,0,0,0,0,0,0,0,0,0
936,0,0,0,0,0,0,0,0,0,0,0,0
937,0,0,0,0,0,0,0,0,0,0,0,0
938,0,0,0,0,0,0,0,0,0,0,0,0
939,0,0,0,0,0,0,0,0,0,0,0,0
940,0,0,0,0,0,0,0,0,0,0,0,0
941,0,0,0,0,0,0,0,0,0,0,0,0
942,0,0,0,0,0,0,0,0,0,0,0,0
943,0,0,0,0,0,0,0,0,0,0,0,0
944,0,0,0,0,0,0,0,0,0,0,0,0
945,0,0,0,0,0,0,0,0,0,0,0,0
946,0,0,0,0,0,0,0,0,0,0,0,0
947,0,0,0,0,0,0,0,0,0,0,0,0
948,0,0,0,0,0,0,0,0,0,0,0,0
949,0,0,0,0,0,0,0,0,0,0,0,0
950,0,0,0,0,0,0,0,0,0,0,0,0
951,0,0,0,0,0,0,0,0,0,0,0,0
952,0,0,0,0,0,0,0,0,0,0,0,0
953,0,0,0,0,0,0,0,0,0,0,0,0
954,0,0,0,0,0,0,0,0,0,0,0,0
955,0,0,0,0,0,0,0,0,0,0,0,0
956,0,0,0,0,0,0,0,0,0,0,0,0
957,0,0,0,0,0,0,0,0,0,0,0,0
958,0,0,0,0,0,0,0,0,0,0,0,0
959,0,0,0,0,0,0,0,0,0,0,0,0
960,0,0,0,0,0,0,0,0,0,0,0,0
961,0,0,0,0,0,0,0,0,0,0,0,0
962,0,0,0,0,0,0,0,0,0,0,0,0
963,0,0,0,0,0,0,0,0,0,0,0,0
964,0,0,0,0,0,0,0,0,0,0,0,0
965,0,0,0,0,0,0,0,0,0,0,0,0
966,0,0,0,0,0,0,0,0,0,0,0,0
967,0,0,0,0,0,0,0,0,0,0,0,0
968,0,0,0,0,0,0,0,0,0,0,0,0
969,0,0,0,0,0,0,0,0,0,0,0,0
970,0,0,0,0,0,0,0,0,0,0,0,0
971,0,0,0,0,0,0,0,0,0,0,0,0
972,0,0,0,0,0,0,0,0,0,0,0,0
973,0,0,0,0,0,0,0,0,0,0,0,0
974,0,0,0,0,0,0,0,0,0,0,0,0
975,0,0,0,0,0,0,0,0,0,0,0,0
976,0,0,0,0,0,0,0,0,0,0,0,0
977,0,0,0,0,0,0,0,0,0,0,0,0
978,0,0,0,0,0,0,0,0,0,0,0,0
979,0,0,0,0,0,0,0,0,0,0,0,0
980,0,0,0,0,0,0,0,0,0,0,0,0
981,0,0,0,0,0,0,0,0,0,0,0,0
982,0,0,0,0,0,0,0,0,0,0,0,0
983,0,0,0,0,0,0,0,0,0,0,0,0
984,0,0,0,0,0,0,0,0,0,0,0,0
985,0,0,0,0,0,0,0,0,0,0,0,0
986,0,0,0,0,0,0,0,0,0,0,0,0
987,0,0,0,0,0,0,0,0,0,0,0,0
988,0,0,0,0,0,0,0,0,0,0,0,0
989,0,0,0,0,0,0,0,0,0,0,0,0
990,0,0,0,0,0,0,0,0,0,0,0,0
991,0,0,0,0,0,0,0,0,0,0,0,0
992,0,0,0,0,0,0,0,0,0,0,0,0
993,0,0,0,0,0,0,0,0,0,0,0,0
994,0,0,0,0,0,0,0,0,0,0,0,0
995,0,0,0,0,0,0,0,0,0,0,0,0
996,0,0,0,0,0,0,0,0,0,0,0,0
997,0,0,0,0,0,0,0,0,0,0,0,0
998,0,0,0,0,0,0,0,0,0,0,0,0
999,0,0,0,0,0,0,0,0,0,0,0,0
